0 verbose cli C:\Program Files\nodejs\node.exe C:\Users\sohar\AppData\Roaming\npm\node_modules\npm\bin\npm-cli.js
1 info using npm@11.5.1
2 info using node@v22.17.0
3 silly config load:file:C:\Users\sohar\AppData\Roaming\npm\node_modules\npm\npmrc
4 silly config load:file:C:\Users\sohar\OneDrive\Desktop\talenconnect\intern\talentconnect-rawRecruit\backend\.npmrc
5 silly config load:file:C:\Users\sohar\.npmrc
6 silly config load:file:C:\Users\sohar\AppData\Roaming\npm\etc\npmrc
7 verbose title npm i
8 verbose argv "i"
9 verbose logfile logs-max:10 dir:C:\Users\sohar\OneDrive\Desktop\talenconnect\intern\talentconnect-rawRecruit\backend\clear\_logs\2025-09-25T10_00_53_875Z-
10 verbose logfile C:\Users\sohar\OneDrive\Desktop\talenconnect\intern\talentconnect-rawRecruit\backend\clear\_logs\2025-09-25T10_00_53_875Z-debug-0.log
11 silly logfile done cleaning log files
12 silly packumentCache heap:2197815296 maxSize:549453824 maxEntrySize:274726912
13 silly idealTree buildDeps
14 silly reify moves {}
15 silly audit bulk request {
15 silly audit   '@hapi/hoek': [ '9.3.0' ],
15 silly audit   '@hapi/topo': [ '5.1.0' ],
15 silly audit   '@mongodb-js/saslprep': [ '1.2.2' ],
15 silly audit   '@react-oauth/google': [ '0.12.2' ],
15 silly audit   '@sendgrid/client': [ '8.1.5' ],
15 silly audit   '@sendgrid/helpers': [ '8.0.0' ],
15 silly audit   '@sendgrid/mail': [ '8.1.5' ],
15 silly audit   '@sideway/address': [ '4.1.5' ],
15 silly audit   '@sideway/formula': [ '3.0.1' ],
15 silly audit   '@sideway/pinpoint': [ '2.0.0' ],
15 silly audit   '@socket.io/component-emitter': [ '3.1.2' ],
15 silly audit   '@types/cors': [ '2.8.19' ],
15 silly audit   '@types/node': [ '24.0.0' ],
15 silly audit   '@types/webidl-conversions': [ '7.0.3' ],
15 silly audit   '@types/whatwg-url': [ '11.0.5' ],
15 silly audit   '@yarnpkg/lockfile': [ '1.1.0' ],
15 silly audit   accepts: [ '2.0.0', '1.3.8' ],
15 silly audit   'agent-base': [ '7.1.3' ],
15 silly audit   'ansi-styles': [ '4.3.0' ],
15 silly audit   'append-field': [ '1.0.0' ],
15 silly audit   asynckit: [ '0.4.0' ],
15 silly audit   'at-least-node': [ '1.0.0' ],
15 silly audit   axios: [ '1.9.0' ],
15 silly audit   'balanced-match': [ '1.0.2' ],
15 silly audit   'base64-js': [ '1.5.1' ],
15 silly audit   base64id: [ '2.0.0' ],
15 silly audit   bcryptjs: [ '3.0.2' ],
15 silly audit   'bignumber.js': [ '9.3.0' ],
15 silly audit   'body-parser': [ '2.2.0' ],
15 silly audit   'brace-expansion': [ '1.1.12' ],
15 silly audit   braces: [ '3.0.3' ],
15 silly audit   bson: [ '6.10.3' ],
15 silly audit   'buffer-equal-constant-time': [ '1.0.1' ],
15 silly audit   'buffer-from': [ '1.1.2' ],
15 silly audit   busboy: [ '1.6.0' ],
15 silly audit   bytes: [ '3.1.2' ],
15 silly audit   'call-bind': [ '1.0.8' ],
15 silly audit   'call-bind-apply-helpers': [ '1.0.2' ],
15 silly audit   'call-bound': [ '1.0.4' ],
15 silly audit   chalk: [ '4.1.2' ],
15 silly audit   'has-flag': [ '4.0.0' ],
15 silly audit   'supports-color': [ '7.2.0' ],
15 silly audit   'ci-info': [ '3.9.0' ],
15 silly audit   cloudinary: [ '2.6.1' ],
15 silly audit   'color-convert': [ '2.0.1' ],
15 silly audit   'color-name': [ '1.1.4' ],
15 silly audit   'combined-stream': [ '1.0.8' ],
15 silly audit   'concat-map': [ '0.0.1' ],
15 silly audit   'concat-stream': [ '2.0.0' ],
15 silly audit   'content-disposition': [ '1.0.0' ],
15 silly audit   'content-type': [ '1.0.5' ],
15 silly audit   cookie: [ '0.7.2' ],
15 silly audit   'cookie-parser': [ '1.4.7' ],
15 silly audit   'cookie-signature': [ '1.0.6', '1.2.2' ],
15 silly audit   cors: [ '2.8.5' ],
15 silly audit   'cross-spawn': [ '7.0.6' ],
15 silly audit   crypto: [ '1.0.1' ],
15 silly audit   debug: [ '4.4.1', '4.3.7', '3.2.7' ],
15 silly audit   deepmerge: [ '4.3.1' ],
15 silly audit   'define-data-property': [ '1.1.4' ],
15 silly audit   'delayed-stream': [ '1.0.0' ],
15 silly audit   depd: [ '2.0.0' ],
15 silly audit   dotenv: [ '16.6.1' ],
15 silly audit   'dunder-proto': [ '1.0.1' ],
15 silly audit   'ecdsa-sig-formatter': [ '1.0.11' ],
15 silly audit   'ee-first': [ '1.1.1' ],
15 silly audit   encodeurl: [ '2.0.0' ],
15 silly audit   'engine.io': [ '6.6.4' ],
15 silly audit   'engine.io-parser': [ '5.2.3' ],
15 silly audit   'mime-db': [ '1.52.0', '1.54.0' ],
15 silly audit   'mime-types': [ '2.1.35', '3.0.1' ],
15 silly audit   negotiator: [ '0.6.3', '1.0.0' ],
15 silly audit   'es-define-property': [ '1.0.1' ],
15 silly audit   'es-errors': [ '1.3.0' ],
15 silly audit   'es-object-atoms': [ '1.1.1' ],
15 silly audit   'es-set-tostringtag': [ '2.1.0' ],
15 silly audit   'escape-html': [ '1.0.3' ],
15 silly audit   etag: [ '1.8.1' ],
15 silly audit   express: [ '5.1.0' ],
15 silly audit   extend: [ '3.0.2' ],
15 silly audit   'fill-range': [ '7.1.1' ],
15 silly audit   finalhandler: [ '2.1.0' ],
15 silly audit   'find-yarn-workspace-root': [ '2.0.0' ],
15 silly audit   'follow-redirects': [ '1.15.9' ],
15 silly audit   'form-data': [ '4.0.4' ],
15 silly audit   forwarded: [ '0.2.0' ],
15 silly audit   fresh: [ '2.0.0' ],
15 silly audit   'fs-extra': [ '9.1.0' ],
15 silly audit   'fs.realpath': [ '1.0.0' ],
15 silly audit   'function-bind': [ '1.1.2' ],
15 silly audit   gaxios: [ '6.7.1' ],
15 silly audit   'gcp-metadata': [ '6.1.1' ],
15 silly audit   'https-proxy-agent': [ '7.0.6' ],
15 silly audit   'get-intrinsic': [ '1.3.0' ],
15 silly audit   'get-proto': [ '1.0.1' ],
15 silly audit   glob: [ '7.2.3' ],
15 silly audit   'google-auth-library': [ '9.15.1' ],
15 silly audit   jwa: [ '2.0.1', '1.4.2' ],
15 silly audit   jws: [ '4.0.0', '3.2.2' ],
15 silly audit   'google-logging-utils': [ '0.0.2' ],
15 silly audit   gopd: [ '1.2.0' ],
15 silly audit   'graceful-fs': [ '4.2.11' ],
15 silly audit   gtoken: [ '7.1.0' ],
15 silly audit   'has-property-descriptors': [ '1.0.2' ],
15 silly audit   'has-symbols': [ '1.1.0' ],
15 silly audit   'has-tostringtag': [ '1.0.2' ],
15 silly audit   hasown: [ '2.0.2' ],
15 silly audit   'http-errors': [ '2.0.0' ],
15 silly audit   'iconv-lite': [ '0.6.3' ],
15 silly audit   inflight: [ '1.0.6' ],
15 silly audit   inherits: [ '2.0.4', '2.0.3' ],
15 silly audit   'ipaddr.js': [ '1.9.1' ],
15 silly audit   'is-docker': [ '2.2.1' ],
15 silly audit   'is-number': [ '7.0.0' ],
15 silly audit   'is-promise': [ '4.0.0' ],
15 silly audit   'is-stream': [ '2.0.1' ],
15 silly audit   'is-wsl': [ '2.2.0' ],
15 silly audit   isarray: [ '2.0.5' ],
15 silly audit   isexe: [ '2.0.0' ],
15 silly audit   joi: [ '17.13.3' ],
15 silly audit   'json-bigint': [ '1.0.0' ],
15 silly audit   'json-stable-stringify': [ '1.3.0' ],
15 silly audit   jsonfile: [ '6.2.0' ],
15 silly audit   jsonify: [ '0.0.1' ],
15 silly audit   jsonwebtoken: [ '9.0.2' ],
15 silly audit   kareem: [ '2.6.3' ],
15 silly audit   'klaw-sync': [ '6.0.0' ],
15 silly audit   lodash: [ '4.17.21' ],
15 silly audit   'lodash.includes': [ '4.3.0' ],
15 silly audit   'lodash.isboolean': [ '3.0.3' ],
15 silly audit   'lodash.isinteger': [ '4.0.4' ],
15 silly audit   'lodash.isnumber': [ '3.0.3' ],
15 silly audit   'lodash.isplainobject': [ '4.0.6' ],
15 silly audit   'lodash.isstring': [ '4.0.1' ],
15 silly audit   'lodash.once': [ '4.1.1' ],
15 silly audit   'math-intrinsics': [ '1.1.0' ],
15 silly audit   'media-typer': [ '1.1.0', '0.3.0' ],
15 silly audit   'memory-pager': [ '1.5.0' ],
15 silly audit   'merge-descriptors': [ '2.0.0' ],
15 silly audit   micromatch: [ '4.0.8' ],
15 silly audit   minimatch: [ '3.1.2' ],
15 silly audit   minimist: [ '1.2.8' ],
15 silly audit   mkdirp: [ '0.5.6' ],
15 silly audit   mongodb: [ '6.16.0' ],
15 silly audit   'mongodb-connection-string-url': [ '3.0.2' ],
15 silly audit   mongoose: [ '8.15.0' ],
15 silly audit   mpath: [ '0.9.0' ],
15 silly audit   mquery: [ '5.0.0' ],
15 silly audit   ms: [ '2.1.3' ],
15 silly audit   multer: [ '2.0.2' ],
15 silly audit   'type-is': [ '1.6.18', '2.0.1' ],
15 silly audit   'node-ensure': [ '0.0.0' ],
15 silly audit   'node-fetch': [ '2.7.0' ],
15 silly audit   tr46: [ '0.0.3', '5.1.1' ],
15 silly audit   'webidl-conversions': [ '3.0.1', '7.0.0' ],
15 silly audit   'whatwg-url': [ '5.0.0', '14.2.0' ],
15 silly audit   nodemailer: [ '7.0.3' ],
15 silly audit   'object-assign': [ '4.1.1' ],
15 silly audit   'object-inspect': [ '1.13.4' ],
15 silly audit   'object-keys': [ '1.1.1' ],
15 silly audit   'on-finished': [ '2.4.1' ],
15 silly audit   once: [ '1.4.0' ],
15 silly audit   open: [ '7.4.2' ],
15 silly audit   'os-tmpdir': [ '1.0.2' ],
15 silly audit   parseurl: [ '1.3.3' ],
15 silly audit   'patch-package': [ '8.0.0' ],
15 silly audit   path: [ '0.12.7' ],
15 silly audit   'path-is-absolute': [ '1.0.1' ],
15 silly audit   'path-key': [ '3.1.1' ],
15 silly audit   'path-to-regexp': [ '8.2.0' ],
15 silly audit   'pdf-parse': [ '1.1.1' ],
15 silly audit   picomatch: [ '2.3.1' ],
15 silly audit   'postinstall-postinstall': [ '2.1.0' ],
15 silly audit   process: [ '0.11.10' ],
15 silly audit   'proxy-addr': [ '2.0.7' ],
15 silly audit   'proxy-from-env': [ '1.1.0' ],
15 silly audit   punycode: [ '2.3.1' ],
15 silly audit   q: [ '1.5.1' ],
15 silly audit   qs: [ '6.14.0' ],
15 silly audit   'range-parser': [ '1.2.1' ],
15 silly audit   'raw-body': [ '3.0.0' ],
15 silly audit   'readable-stream': [ '3.6.2' ],
15 silly audit   rimraf: [ '2.7.1' ],
15 silly audit   router: [ '2.2.0' ],
15 silly audit   'safe-buffer': [ '5.2.1' ],
15 silly audit   'safer-buffer': [ '2.1.2' ],
15 silly audit   semver: [ '7.7.2' ],
15 silly audit   send: [ '1.2.0' ],
15 silly audit   'serve-static': [ '2.2.0' ],
15 silly audit   'set-function-length': [ '1.2.2' ],
15 silly audit   setprototypeof: [ '1.2.0' ],
15 silly audit   'shebang-command': [ '2.0.0' ],
15 silly audit   'shebang-regex': [ '3.0.0' ],
15 silly audit   'side-channel': [ '1.1.0' ],
15 silly audit   'side-channel-list': [ '1.0.0' ],
15 silly audit   'side-channel-map': [ '1.0.1' ],
15 silly audit   'side-channel-weakmap': [ '1.0.2' ],
15 silly audit   sift: [ '17.1.3' ],
15 silly audit   slash: [ '2.0.0' ],
15 silly audit   'socket.io': [ '4.8.1' ],
15 silly audit   'socket.io-adapter': [ '2.5.5' ],
15 silly audit   'socket.io-parser': [ '4.2.4' ],
15 silly audit   'sparse-bitfield': [ '3.0.3' ],
15 silly audit   statuses: [ '2.0.1' ],
15 silly audit   streamifier: [ '0.1.1' ],
15 silly audit   streamsearch: [ '1.1.0' ],
15 silly audit   string_decoder: [ '1.3.0' ],
15 silly audit   tmp: [ '0.0.33' ],
15 silly audit   'to-regex-range': [ '5.0.1' ],
15 silly audit   toidentifier: [ '1.0.1' ],
15 silly audit   typedarray: [ '0.0.6' ],
15 silly audit   'undici-types': [ '7.8.0' ],
15 silly audit   universalify: [ '2.0.1' ],
15 silly audit   unpipe: [ '1.0.0' ],
15 silly audit   util: [ '0.10.4' ],
15 silly audit   'util-deprecate': [ '1.0.2' ],
15 silly audit   uuid: [ '9.0.1' ],
15 silly audit   vary: [ '1.1.2' ],
15 silly audit   which: [ '2.0.2' ],
15 silly audit   wrappy: [ '1.0.2' ],
15 silly audit   ws: [ '8.17.1' ],
15 silly audit   xtend: [ '4.0.2' ],
15 silly audit   yaml: [ '2.8.1' ]
15 silly audit }
16 http cache yaml@https://registry.npmjs.org/yaml/-/yaml-2.8.1.tgz 1ms (cache hit)
17 http cache xtend@https://registry.npmjs.org/xtend/-/xtend-4.0.2.tgz 0ms (cache hit)
18 http cache ws@https://registry.npmjs.org/ws/-/ws-8.17.1.tgz 0ms (cache hit)
19 http cache wrappy@https://registry.npmjs.org/wrappy/-/wrappy-1.0.2.tgz 0ms (cache hit)
20 http cache which@https://registry.npmjs.org/which/-/which-2.0.2.tgz 0ms (cache hit)
21 http cache whatwg-url@https://registry.npmjs.org/whatwg-url/-/whatwg-url-14.2.0.tgz 0ms (cache hit)
22 http cache vary@https://registry.npmjs.org/vary/-/vary-1.1.2.tgz 0ms (cache hit)
23 http cache webidl-conversions@https://registry.npmjs.org/webidl-conversions/-/webidl-conversions-7.0.0.tgz 0ms (cache hit)
24 http cache uuid@https://registry.npmjs.org/uuid/-/uuid-9.0.1.tgz 0ms (cache hit)
25 http cache util-deprecate@https://registry.npmjs.org/util-deprecate/-/util-deprecate-1.0.2.tgz 1ms (cache hit)
26 http cache util@https://registry.npmjs.org/util/-/util-0.10.4.tgz 0ms (cache hit)
27 http cache universalify@https://registry.npmjs.org/universalify/-/universalify-2.0.1.tgz 0ms (cache hit)
28 http cache unpipe@https://registry.npmjs.org/unpipe/-/unpipe-1.0.0.tgz 0ms (cache hit)
29 http cache type-is@https://registry.npmjs.org/type-is/-/type-is-2.0.1.tgz 0ms (cache hit)
30 http cache undici-types@https://registry.npmjs.org/undici-types/-/undici-types-7.8.0.tgz 0ms (cache hit)
31 http cache typedarray@https://registry.npmjs.org/typedarray/-/typedarray-0.0.6.tgz 0ms (cache hit)
32 http cache tr46@https://registry.npmjs.org/tr46/-/tr46-5.1.1.tgz 0ms (cache hit)
33 http cache toidentifier@https://registry.npmjs.org/toidentifier/-/toidentifier-1.0.1.tgz 0ms (cache hit)
34 http cache tmp@https://registry.npmjs.org/tmp/-/tmp-0.0.33.tgz 0ms (cache hit)
35 http cache to-regex-range@https://registry.npmjs.org/to-regex-range/-/to-regex-range-5.0.1.tgz 0ms (cache hit)
36 http cache string_decoder@https://registry.npmjs.org/string_decoder/-/string_decoder-1.3.0.tgz 0ms (cache hit)
37 http cache streamifier@https://registry.npmjs.org/streamifier/-/streamifier-0.1.1.tgz 0ms (cache hit)
38 http cache sparse-bitfield@https://registry.npmjs.org/sparse-bitfield/-/sparse-bitfield-3.0.3.tgz 0ms (cache hit)
39 http cache socket.io-parser@https://registry.npmjs.org/socket.io-parser/-/socket.io-parser-4.2.4.tgz 0ms (cache hit)
40 http cache socket.io-adapter@https://registry.npmjs.org/socket.io-adapter/-/socket.io-adapter-2.5.5.tgz 0ms (cache hit)
41 http cache streamsearch@https://registry.npmjs.org/streamsearch/-/streamsearch-1.1.0.tgz 0ms (cache hit)
42 http cache socket.io@https://registry.npmjs.org/socket.io/-/socket.io-4.8.1.tgz 0ms (cache hit)
43 http cache statuses@https://registry.npmjs.org/statuses/-/statuses-2.0.1.tgz 0ms (cache hit)
44 http cache slash@https://registry.npmjs.org/slash/-/slash-2.0.0.tgz 0ms (cache hit)
45 http cache side-channel-weakmap@https://registry.npmjs.org/side-channel-weakmap/-/side-channel-weakmap-1.0.2.tgz 0ms (cache hit)
46 http cache side-channel-list@https://registry.npmjs.org/side-channel-list/-/side-channel-list-1.0.0.tgz 0ms (cache hit)
47 http cache sift@https://registry.npmjs.org/sift/-/sift-17.1.3.tgz 0ms (cache hit)
48 http cache side-channel-map@https://registry.npmjs.org/side-channel-map/-/side-channel-map-1.0.1.tgz 0ms (cache hit)
49 http cache side-channel@https://registry.npmjs.org/side-channel/-/side-channel-1.1.0.tgz 0ms (cache hit)
50 http cache shebang-regex@https://registry.npmjs.org/shebang-regex/-/shebang-regex-3.0.0.tgz 0ms (cache hit)
51 http cache set-function-length@https://registry.npmjs.org/set-function-length/-/set-function-length-1.2.2.tgz 0ms (cache hit)
52 http cache setprototypeof@https://registry.npmjs.org/setprototypeof/-/setprototypeof-1.2.0.tgz 0ms (cache hit)
53 http cache serve-static@https://registry.npmjs.org/serve-static/-/serve-static-2.2.0.tgz 0ms (cache hit)
54 http cache semver@https://registry.npmjs.org/semver/-/semver-7.7.2.tgz 0ms (cache hit)
55 http cache safer-buffer@https://registry.npmjs.org/safer-buffer/-/safer-buffer-2.1.2.tgz 0ms (cache hit)
56 http cache safe-buffer@https://registry.npmjs.org/safe-buffer/-/safe-buffer-5.2.1.tgz 0ms (cache hit)
57 http cache send@https://registry.npmjs.org/send/-/send-1.2.0.tgz 0ms (cache hit)
58 http cache shebang-command@https://registry.npmjs.org/shebang-command/-/shebang-command-2.0.0.tgz 0ms (cache hit)
59 http cache router@https://registry.npmjs.org/router/-/router-2.2.0.tgz 0ms (cache hit)
60 http cache rimraf@https://registry.npmjs.org/rimraf/-/rimraf-2.7.1.tgz 0ms (cache hit)
61 http cache readable-stream@https://registry.npmjs.org/readable-stream/-/readable-stream-3.6.2.tgz 0ms (cache hit)
62 http cache range-parser@https://registry.npmjs.org/range-parser/-/range-parser-1.2.1.tgz 0ms (cache hit)
63 http cache qs@https://registry.npmjs.org/qs/-/qs-6.14.0.tgz 0ms (cache hit)
64 http cache raw-body@https://registry.npmjs.org/raw-body/-/raw-body-3.0.0.tgz 0ms (cache hit)
65 http cache q@https://registry.npmjs.org/q/-/q-1.5.1.tgz 0ms (cache hit)
66 http cache proxy-from-env@https://registry.npmjs.org/proxy-from-env/-/proxy-from-env-1.1.0.tgz 0ms (cache hit)
67 http cache punycode@https://registry.npmjs.org/punycode/-/punycode-2.3.1.tgz 0ms (cache hit)
68 http cache process@https://registry.npmjs.org/process/-/process-0.11.10.tgz 0ms (cache hit)
69 http cache picomatch@https://registry.npmjs.org/picomatch/-/picomatch-2.3.1.tgz 0ms (cache hit)
70 http cache postinstall-postinstall@https://registry.npmjs.org/postinstall-postinstall/-/postinstall-postinstall-2.1.0.tgz 0ms (cache hit)
71 http cache pdf-parse@https://registry.npmjs.org/pdf-parse/-/pdf-parse-1.1.1.tgz 0ms (cache hit)
72 http cache path-to-regexp@https://registry.npmjs.org/path-to-regexp/-/path-to-regexp-8.2.0.tgz 0ms (cache hit)
73 http cache path-key@https://registry.npmjs.org/path-key/-/path-key-3.1.1.tgz 0ms (cache hit)
74 http cache path-is-absolute@https://registry.npmjs.org/path-is-absolute/-/path-is-absolute-1.0.1.tgz 0ms (cache hit)
75 http cache proxy-addr@https://registry.npmjs.org/proxy-addr/-/proxy-addr-2.0.7.tgz 0ms (cache hit)
76 http cache parseurl@https://registry.npmjs.org/parseurl/-/parseurl-1.3.3.tgz 0ms (cache hit)
77 http cache path@https://registry.npmjs.org/path/-/path-0.12.7.tgz 0ms (cache hit)
78 http cache os-tmpdir@https://registry.npmjs.org/os-tmpdir/-/os-tmpdir-1.0.2.tgz 0ms (cache hit)
79 http cache open@https://registry.npmjs.org/open/-/open-7.4.2.tgz 0ms (cache hit)
80 http cache on-finished@https://registry.npmjs.org/on-finished/-/on-finished-2.4.1.tgz 0ms (cache hit)
81 http cache once@https://registry.npmjs.org/once/-/once-1.4.0.tgz 0ms (cache hit)
82 http cache patch-package@https://registry.npmjs.org/patch-package/-/patch-package-8.0.0.tgz 0ms (cache hit)
83 http cache object-keys@https://registry.npmjs.org/object-keys/-/object-keys-1.1.1.tgz 0ms (cache hit)
84 http cache object-assign@https://registry.npmjs.org/object-assign/-/object-assign-4.1.1.tgz 0ms (cache hit)
85 http cache node-fetch@https://registry.npmjs.org/node-fetch/-/node-fetch-2.7.0.tgz 0ms (cache hit)
86 http cache node-ensure@https://registry.npmjs.org/node-ensure/-/node-ensure-0.0.0.tgz 0ms (cache hit)
87 http cache object-inspect@https://registry.npmjs.org/object-inspect/-/object-inspect-1.13.4.tgz 0ms (cache hit)
88 http cache nodemailer@https://registry.npmjs.org/nodemailer/-/nodemailer-7.0.3.tgz 0ms (cache hit)
89 http cache multer@https://registry.npmjs.org/multer/-/multer-2.0.2.tgz 0ms (cache hit)
90 http cache ms@https://registry.npmjs.org/ms/-/ms-2.1.3.tgz 0ms (cache hit)
91 http cache mquery@https://registry.npmjs.org/mquery/-/mquery-5.0.0.tgz 0ms (cache hit)
92 http cache mpath@https://registry.npmjs.org/mpath/-/mpath-0.9.0.tgz 0ms (cache hit)
93 http cache mongodb-connection-string-url@https://registry.npmjs.org/mongodb-connection-string-url/-/mongodb-connection-string-url-3.0.2.tgz 0ms (cache hit)
94 http cache negotiator@https://registry.npmjs.org/negotiator/-/negotiator-1.0.0.tgz 0ms (cache hit)
95 http cache mongodb@https://registry.npmjs.org/mongodb/-/mongodb-6.16.0.tgz 0ms (cache hit)
96 http cache minimist@https://registry.npmjs.org/minimist/-/minimist-1.2.8.tgz 0ms (cache hit)
97 http cache mongoose@https://registry.npmjs.org/mongoose/-/mongoose-8.15.0.tgz 0ms (cache hit)
98 http cache minimatch@https://registry.npmjs.org/minimatch/-/minimatch-3.1.2.tgz 0ms (cache hit)
99 http cache mime-db@https://registry.npmjs.org/mime-db/-/mime-db-1.54.0.tgz 0ms (cache hit)
100 http cache mime-types@https://registry.npmjs.org/mime-types/-/mime-types-3.0.1.tgz 0ms (cache hit)
101 http cache mkdirp@https://registry.npmjs.org/mkdirp/-/mkdirp-0.5.6.tgz 0ms (cache hit)
102 http cache micromatch@https://registry.npmjs.org/micromatch/-/micromatch-4.0.8.tgz 0ms (cache hit)
103 http cache merge-descriptors@https://registry.npmjs.org/merge-descriptors/-/merge-descriptors-2.0.0.tgz 0ms (cache hit)
104 http cache math-intrinsics@https://registry.npmjs.org/math-intrinsics/-/math-intrinsics-1.1.0.tgz 0ms (cache hit)
105 http cache lodash.once@https://registry.npmjs.org/lodash.once/-/lodash.once-4.1.1.tgz 0ms (cache hit)
106 http cache memory-pager@https://registry.npmjs.org/memory-pager/-/memory-pager-1.5.0.tgz 0ms (cache hit)
107 http cache media-typer@https://registry.npmjs.org/media-typer/-/media-typer-1.1.0.tgz 0ms (cache hit)
108 http cache lodash.isstring@https://registry.npmjs.org/lodash.isstring/-/lodash.isstring-4.0.1.tgz 1ms (cache hit)
109 http cache lodash.isplainobject@https://registry.npmjs.org/lodash.isplainobject/-/lodash.isplainobject-4.0.6.tgz 0ms (cache hit)
110 http cache lodash.isnumber@https://registry.npmjs.org/lodash.isnumber/-/lodash.isnumber-3.0.3.tgz 0ms (cache hit)
111 http cache lodash.isboolean@https://registry.npmjs.org/lodash.isboolean/-/lodash.isboolean-3.0.3.tgz 0ms (cache hit)
112 http cache lodash.includes@https://registry.npmjs.org/lodash.includes/-/lodash.includes-4.3.0.tgz 0ms (cache hit)
113 http cache lodash.isinteger@https://registry.npmjs.org/lodash.isinteger/-/lodash.isinteger-4.0.4.tgz 0ms (cache hit)
114 http cache klaw-sync@https://registry.npmjs.org/klaw-sync/-/klaw-sync-6.0.0.tgz 0ms (cache hit)
115 http cache kareem@https://registry.npmjs.org/kareem/-/kareem-2.6.3.tgz 0ms (cache hit)
116 http cache lodash@https://registry.npmjs.org/lodash/-/lodash-4.17.21.tgz 0ms (cache hit)
117 http cache jwa@https://registry.npmjs.org/jwa/-/jwa-1.4.2.tgz 0ms (cache hit)
118 http cache jsonwebtoken@https://registry.npmjs.org/jsonwebtoken/-/jsonwebtoken-9.0.2.tgz 0ms (cache hit)
119 http cache jws@https://registry.npmjs.org/jws/-/jws-3.2.2.tgz 0ms (cache hit)
120 http cache jsonify@https://registry.npmjs.org/jsonify/-/jsonify-0.0.1.tgz 0ms (cache hit)
121 http cache jsonfile@https://registry.npmjs.org/jsonfile/-/jsonfile-6.2.0.tgz 0ms (cache hit)
122 http cache json-stable-stringify@https://registry.npmjs.org/json-stable-stringify/-/json-stable-stringify-1.3.0.tgz 0ms (cache hit)
123 http cache isexe@https://registry.npmjs.org/isexe/-/isexe-2.0.0.tgz 0ms (cache hit)
124 http cache json-bigint@https://registry.npmjs.org/json-bigint/-/json-bigint-1.0.0.tgz 0ms (cache hit)
125 http cache joi@https://registry.npmjs.org/joi/-/joi-17.13.3.tgz 0ms (cache hit)
126 http cache is-wsl@https://registry.npmjs.org/is-wsl/-/is-wsl-2.2.0.tgz 0ms (cache hit)
127 http cache is-promise@https://registry.npmjs.org/is-promise/-/is-promise-4.0.0.tgz 0ms (cache hit)
128 http cache is-number@https://registry.npmjs.org/is-number/-/is-number-7.0.0.tgz 0ms (cache hit)
129 http cache isarray@https://registry.npmjs.org/isarray/-/isarray-2.0.5.tgz 0ms (cache hit)
130 http cache is-stream@https://registry.npmjs.org/is-stream/-/is-stream-2.0.1.tgz 0ms (cache hit)
131 http cache is-docker@https://registry.npmjs.org/is-docker/-/is-docker-2.2.1.tgz 0ms (cache hit)
132 http cache ipaddr.js@https://registry.npmjs.org/ipaddr.js/-/ipaddr.js-1.9.1.tgz 0ms (cache hit)
133 http cache inherits@https://registry.npmjs.org/inherits/-/inherits-2.0.4.tgz 0ms (cache hit)
134 http cache inflight@https://registry.npmjs.org/inflight/-/inflight-1.0.6.tgz 0ms (cache hit)
135 http cache iconv-lite@https://registry.npmjs.org/iconv-lite/-/iconv-lite-0.6.3.tgz 0ms (cache hit)
136 http cache https-proxy-agent@https://registry.npmjs.org/https-proxy-agent/-/https-proxy-agent-7.0.6.tgz 0ms (cache hit)
137 http cache hasown@https://registry.npmjs.org/hasown/-/hasown-2.0.2.tgz 0ms (cache hit)
138 http cache http-errors@https://registry.npmjs.org/http-errors/-/http-errors-2.0.0.tgz 0ms (cache hit)
139 http cache has-symbols@https://registry.npmjs.org/has-symbols/-/has-symbols-1.1.0.tgz 0ms (cache hit)
140 http cache has-property-descriptors@https://registry.npmjs.org/has-property-descriptors/-/has-property-descriptors-1.0.2.tgz 0ms (cache hit)
141 http cache has-tostringtag@https://registry.npmjs.org/has-tostringtag/-/has-tostringtag-1.0.2.tgz 0ms (cache hit)
142 http cache gopd@https://registry.npmjs.org/gopd/-/gopd-1.2.0.tgz 0ms (cache hit)
143 http cache graceful-fs@https://registry.npmjs.org/graceful-fs/-/graceful-fs-4.2.11.tgz 0ms (cache hit)
144 http cache google-auth-library@https://registry.npmjs.org/google-auth-library/-/google-auth-library-9.15.1.tgz 0ms (cache hit)
145 http cache google-logging-utils@https://registry.npmjs.org/google-logging-utils/-/google-logging-utils-0.0.2.tgz 0ms (cache hit)
146 http cache glob@https://registry.npmjs.org/glob/-/glob-7.2.3.tgz 0ms (cache hit)
147 http cache gtoken@https://registry.npmjs.org/gtoken/-/gtoken-7.1.0.tgz 0ms (cache hit)
148 http cache get-proto@https://registry.npmjs.org/get-proto/-/get-proto-1.0.1.tgz 0ms (cache hit)
149 http cache get-intrinsic@https://registry.npmjs.org/get-intrinsic/-/get-intrinsic-1.3.0.tgz 0ms (cache hit)
150 http cache gaxios@https://registry.npmjs.org/gaxios/-/gaxios-6.7.1.tgz 0ms (cache hit)
151 http cache function-bind@https://registry.npmjs.org/function-bind/-/function-bind-1.1.2.tgz 0ms (cache hit)
152 http cache fs.realpath@https://registry.npmjs.org/fs.realpath/-/fs.realpath-1.0.0.tgz 0ms (cache hit)
153 http cache fresh@https://registry.npmjs.org/fresh/-/fresh-2.0.0.tgz 0ms (cache hit)
154 http cache forwarded@https://registry.npmjs.org/forwarded/-/forwarded-0.2.0.tgz 0ms (cache hit)
155 http cache fs-extra@https://registry.npmjs.org/fs-extra/-/fs-extra-9.1.0.tgz 0ms (cache hit)
156 http cache follow-redirects@https://registry.npmjs.org/follow-redirects/-/follow-redirects-1.15.9.tgz 1ms (cache hit)
157 http cache form-data@https://registry.npmjs.org/form-data/-/form-data-4.0.4.tgz 0ms (cache hit)
158 http cache fill-range@https://registry.npmjs.org/fill-range/-/fill-range-7.1.1.tgz 0ms (cache hit)
159 http cache extend@https://registry.npmjs.org/extend/-/extend-3.0.2.tgz 0ms (cache hit)
160 http cache finalhandler@https://registry.npmjs.org/finalhandler/-/finalhandler-2.1.0.tgz 0ms (cache hit)
161 http cache find-yarn-workspace-root@https://registry.npmjs.org/find-yarn-workspace-root/-/find-yarn-workspace-root-2.0.0.tgz 0ms (cache hit)
162 http cache express@https://registry.npmjs.org/express/-/express-5.1.0.tgz 0ms (cache hit)
163 http cache etag@https://registry.npmjs.org/etag/-/etag-1.8.1.tgz 0ms (cache hit)
164 http cache es-object-atoms@https://registry.npmjs.org/es-object-atoms/-/es-object-atoms-1.1.1.tgz 0ms (cache hit)
165 http cache escape-html@https://registry.npmjs.org/escape-html/-/escape-html-1.0.3.tgz 0ms (cache hit)
166 http cache es-errors@https://registry.npmjs.org/es-errors/-/es-errors-1.3.0.tgz 0ms (cache hit)
167 http cache es-define-property@https://registry.npmjs.org/es-define-property/-/es-define-property-1.0.1.tgz 0ms (cache hit)
168 http cache engine.io@https://registry.npmjs.org/engine.io/-/engine.io-6.6.4.tgz 0ms (cache hit)
169 http cache encodeurl@https://registry.npmjs.org/encodeurl/-/encodeurl-2.0.0.tgz 0ms (cache hit)
170 http cache es-set-tostringtag@https://registry.npmjs.org/es-set-tostringtag/-/es-set-tostringtag-2.1.0.tgz 0ms (cache hit)
171 http cache ee-first@https://registry.npmjs.org/ee-first/-/ee-first-1.1.1.tgz 0ms (cache hit)
172 http cache engine.io-parser@https://registry.npmjs.org/engine.io-parser/-/engine.io-parser-5.2.3.tgz 0ms (cache hit)
173 http cache ecdsa-sig-formatter@https://registry.npmjs.org/ecdsa-sig-formatter/-/ecdsa-sig-formatter-1.0.11.tgz 0ms (cache hit)
174 http cache depd@https://registry.npmjs.org/depd/-/depd-2.0.0.tgz 0ms (cache hit)
175 http cache dotenv@https://registry.npmjs.org/dotenv/-/dotenv-16.6.1.tgz 0ms (cache hit)
176 http cache delayed-stream@https://registry.npmjs.org/delayed-stream/-/delayed-stream-1.0.0.tgz 0ms (cache hit)
177 http cache dunder-proto@https://registry.npmjs.org/dunder-proto/-/dunder-proto-1.0.1.tgz 0ms (cache hit)
178 http cache define-data-property@https://registry.npmjs.org/define-data-property/-/define-data-property-1.1.4.tgz 0ms (cache hit)
179 http cache deepmerge@https://registry.npmjs.org/deepmerge/-/deepmerge-4.3.1.tgz 0ms (cache hit)
180 http cache cross-spawn@https://registry.npmjs.org/cross-spawn/-/cross-spawn-7.0.6.tgz 0ms (cache hit)
181 http cache debug@https://registry.npmjs.org/debug/-/debug-4.4.1.tgz 0ms (cache hit)
182 http cache crypto@https://registry.npmjs.org/crypto/-/crypto-1.0.1.tgz 0ms (cache hit)
183 http cache cookie-signature@https://registry.npmjs.org/cookie-signature/-/cookie-signature-1.2.2.tgz 0ms (cache hit)
184 http cache cors@https://registry.npmjs.org/cors/-/cors-2.8.5.tgz 0ms (cache hit)
185 http cache cookie@https://registry.npmjs.org/cookie/-/cookie-0.7.2.tgz 1ms (cache hit)
186 http cache content-type@https://registry.npmjs.org/content-type/-/content-type-1.0.5.tgz 0ms (cache hit)
187 http cache concat-map@https://registry.npmjs.org/concat-map/-/concat-map-0.0.1.tgz 0ms (cache hit)
188 http cache cookie-parser@https://registry.npmjs.org/cookie-parser/-/cookie-parser-1.4.7.tgz 0ms (cache hit)
189 http cache content-disposition@https://registry.npmjs.org/content-disposition/-/content-disposition-1.0.0.tgz 0ms (cache hit)
190 http cache concat-stream@https://registry.npmjs.org/concat-stream/-/concat-stream-2.0.0.tgz 0ms (cache hit)
191 http cache combined-stream@https://registry.npmjs.org/combined-stream/-/combined-stream-1.0.8.tgz 0ms (cache hit)
192 http cache cloudinary@https://registry.npmjs.org/cloudinary/-/cloudinary-2.6.1.tgz 0ms (cache hit)
193 http cache color-convert@https://registry.npmjs.org/color-convert/-/color-convert-2.0.1.tgz 0ms (cache hit)
194 http cache ci-info@https://registry.npmjs.org/ci-info/-/ci-info-3.9.0.tgz 0ms (cache hit)
195 http cache color-name@https://registry.npmjs.org/color-name/-/color-name-1.1.4.tgz 0ms (cache hit)
196 http cache call-bind-apply-helpers@https://registry.npmjs.org/call-bind-apply-helpers/-/call-bind-apply-helpers-1.0.2.tgz 1ms (cache hit)
197 http cache call-bound@https://registry.npmjs.org/call-bound/-/call-bound-1.0.4.tgz 0ms (cache hit)
198 http cache chalk@https://registry.npmjs.org/chalk/-/chalk-4.1.2.tgz 0ms (cache hit)
199 http cache busboy@https://registry.npmjs.org/busboy/-/busboy-1.6.0.tgz 0ms (cache hit)
200 http cache call-bind@https://registry.npmjs.org/call-bind/-/call-bind-1.0.8.tgz 0ms (cache hit)
201 http cache bytes@https://registry.npmjs.org/bytes/-/bytes-3.1.2.tgz 0ms (cache hit)
202 http cache buffer-equal-constant-time@https://registry.npmjs.org/buffer-equal-constant-time/-/buffer-equal-constant-time-1.0.1.tgz 0ms (cache hit)
203 http cache buffer-from@https://registry.npmjs.org/buffer-from/-/buffer-from-1.1.2.tgz 0ms (cache hit)
204 http cache body-parser@https://registry.npmjs.org/body-parser/-/body-parser-2.2.0.tgz 0ms (cache hit)
205 http cache braces@https://registry.npmjs.org/braces/-/braces-3.0.3.tgz 0ms (cache hit)
206 http cache brace-expansion@https://registry.npmjs.org/brace-expansion/-/brace-expansion-1.1.12.tgz 0ms (cache hit)
207 http cache bson@https://registry.npmjs.org/bson/-/bson-6.10.3.tgz 0ms (cache hit)
208 http cache bignumber.js@https://registry.npmjs.org/bignumber.js/-/bignumber.js-9.3.0.tgz 0ms (cache hit)
209 http cache balanced-match@https://registry.npmjs.org/balanced-match/-/balanced-match-1.0.2.tgz 0ms (cache hit)
210 http cache bcryptjs@https://registry.npmjs.org/bcryptjs/-/bcryptjs-3.0.2.tgz 0ms (cache hit)
211 http cache base64id@https://registry.npmjs.org/base64id/-/base64id-2.0.0.tgz 0ms (cache hit)
212 http cache base64-js@https://registry.npmjs.org/base64-js/-/base64-js-1.5.1.tgz 0ms (cache hit)
213 http cache axios@https://registry.npmjs.org/axios/-/axios-1.9.0.tgz 0ms (cache hit)
214 http cache asynckit@https://registry.npmjs.org/asynckit/-/asynckit-0.4.0.tgz 0ms (cache hit)
215 http cache at-least-node@https://registry.npmjs.org/at-least-node/-/at-least-node-1.0.0.tgz 0ms (cache hit)
216 http cache ansi-styles@https://registry.npmjs.org/ansi-styles/-/ansi-styles-4.3.0.tgz 0ms (cache hit)
217 http cache append-field@https://registry.npmjs.org/append-field/-/append-field-1.0.0.tgz 0ms (cache hit)
218 http cache accepts@https://registry.npmjs.org/accepts/-/accepts-2.0.0.tgz 0ms (cache hit)
219 http cache agent-base@https://registry.npmjs.org/agent-base/-/agent-base-7.1.3.tgz 0ms (cache hit)
220 http cache @yarnpkg/lockfile@https://registry.npmjs.org/@yarnpkg/lockfile/-/lockfile-1.1.0.tgz 0ms (cache hit)
221 http cache @types/webidl-conversions@https://registry.npmjs.org/@types/webidl-conversions/-/webidl-conversions-7.0.3.tgz 0ms (cache hit)
222 http cache @types/whatwg-url@https://registry.npmjs.org/@types/whatwg-url/-/whatwg-url-11.0.5.tgz 0ms (cache hit)
223 http cache @socket.io/component-emitter@https://registry.npmjs.org/@socket.io/component-emitter/-/component-emitter-3.1.2.tgz 0ms (cache hit)
224 http cache @types/node@https://registry.npmjs.org/@types/node/-/node-24.0.0.tgz 0ms (cache hit)
225 http cache @types/cors@https://registry.npmjs.org/@types/cors/-/cors-2.8.19.tgz 0ms (cache hit)
226 http cache @sendgrid/mail@https://registry.npmjs.org/@sendgrid/mail/-/mail-8.1.5.tgz 0ms (cache hit)
227 http cache @sendgrid/helpers@https://registry.npmjs.org/@sendgrid/helpers/-/helpers-8.0.0.tgz 0ms (cache hit)
228 http cache @sideway/address@https://registry.npmjs.org/@sideway/address/-/address-4.1.5.tgz 0ms (cache hit)
229 http cache @sideway/formula@https://registry.npmjs.org/@sideway/formula/-/formula-3.0.1.tgz 0ms (cache hit)
230 http cache @sideway/pinpoint@https://registry.npmjs.org/@sideway/pinpoint/-/pinpoint-2.0.0.tgz 0ms (cache hit)
231 http cache @react-oauth/google@https://registry.npmjs.org/@react-oauth/google/-/google-0.12.2.tgz 0ms (cache hit)
232 http cache @sendgrid/client@https://registry.npmjs.org/@sendgrid/client/-/client-8.1.5.tgz 0ms (cache hit)
233 http cache @mongodb-js/saslprep@https://registry.npmjs.org/@mongodb-js/saslprep/-/saslprep-1.2.2.tgz 0ms (cache hit)
234 http cache @hapi/hoek@https://registry.npmjs.org/@hapi/hoek/-/hoek-9.3.0.tgz 0ms (cache hit)
235 http cache @hapi/topo@https://registry.npmjs.org/@hapi/topo/-/topo-5.1.0.tgz 0ms (cache hit)
236 http cache inherits@https://registry.npmjs.org/inherits/-/inherits-2.0.3.tgz 0ms (cache hit)
237 http cache debug@https://registry.npmjs.org/debug/-/debug-4.3.7.tgz 0ms (cache hit)
238 http cache negotiator@https://registry.npmjs.org/negotiator/-/negotiator-0.6.3.tgz 0ms (cache hit)
239 http cache debug@https://registry.npmjs.org/debug/-/debug-4.3.7.tgz 0ms (cache hit)
240 http cache mime-db@https://registry.npmjs.org/mime-db/-/mime-db-1.52.0.tgz 0ms (cache hit)
241 http cache debug@https://registry.npmjs.org/debug/-/debug-3.2.7.tgz 0ms (cache hit)
242 http cache accepts@https://registry.npmjs.org/accepts/-/accepts-1.3.8.tgz 0ms (cache hit)
243 http cache debug@https://registry.npmjs.org/debug/-/debug-4.3.7.tgz 0ms (cache hit)
244 http cache mime-types@https://registry.npmjs.org/mime-types/-/mime-types-2.1.35.tgz 0ms (cache hit)
245 http cache type-is@https://registry.npmjs.org/type-is/-/type-is-1.6.18.tgz 0ms (cache hit)
246 http cache whatwg-url@https://registry.npmjs.org/whatwg-url/-/whatwg-url-5.0.0.tgz 0ms (cache hit)
247 http cache jws@https://registry.npmjs.org/jws/-/jws-4.0.0.tgz 0ms (cache hit)
248 http cache tr46@https://registry.npmjs.org/tr46/-/tr46-0.0.3.tgz 0ms (cache hit)
249 http cache mime-types@https://registry.npmjs.org/mime-types/-/mime-types-2.1.35.tgz 0ms (cache hit)
250 http cache webidl-conversions@https://registry.npmjs.org/webidl-conversions/-/webidl-conversions-3.0.1.tgz 0ms (cache hit)
251 http cache jwa@https://registry.npmjs.org/jwa/-/jwa-2.0.1.tgz 0ms (cache hit)
252 http cache mime-db@https://registry.npmjs.org/mime-db/-/mime-db-1.52.0.tgz 0ms (cache hit)
253 http cache media-typer@https://registry.npmjs.org/media-typer/-/media-typer-0.3.0.tgz 0ms (cache hit)
254 http cache mime-types@https://registry.npmjs.org/mime-types/-/mime-types-2.1.35.tgz 0ms (cache hit)
255 http cache mime-db@https://registry.npmjs.org/mime-db/-/mime-db-1.52.0.tgz 0ms (cache hit)
256 http cache jwa@https://registry.npmjs.org/jwa/-/jwa-2.0.1.tgz 0ms (cache hit)
257 http cache jws@https://registry.npmjs.org/jws/-/jws-4.0.0.tgz 0ms (cache hit)
258 http cache mime-db@https://registry.npmjs.org/mime-db/-/mime-db-1.52.0.tgz 0ms (cache hit)
259 http cache gcp-metadata@https://registry.npmjs.org/gcp-metadata/-/gcp-metadata-6.1.1.tgz 1ms (cache hit)
260 http cache negotiator@https://registry.npmjs.org/negotiator/-/negotiator-0.6.3.tgz 0ms (cache hit)
261 http cache mime-types@https://registry.npmjs.org/mime-types/-/mime-types-2.1.35.tgz 0ms (cache hit)
262 http cache debug@https://registry.npmjs.org/debug/-/debug-4.3.7.tgz 0ms (cache hit)
263 http cache accepts@https://registry.npmjs.org/accepts/-/accepts-1.3.8.tgz 0ms (cache hit)
264 http cache cookie-signature@https://registry.npmjs.org/cookie-signature/-/cookie-signature-1.0.6.tgz 0ms (cache hit)
265 silly tarball no local data for yaml@https://registry.npmjs.org/yaml/-/yaml-2.8.1.tgz. Extracting by manifest.
266 silly tarball no local data for xtend@https://registry.npmjs.org/xtend/-/xtend-4.0.2.tgz. Extracting by manifest.
267 silly tarball no local data for ws@https://registry.npmjs.org/ws/-/ws-8.17.1.tgz. Extracting by manifest.
268 silly tarball no local data for wrappy@https://registry.npmjs.org/wrappy/-/wrappy-1.0.2.tgz. Extracting by manifest.
269 silly tarball no local data for which@https://registry.npmjs.org/which/-/which-2.0.2.tgz. Extracting by manifest.
270 silly tarball no local data for whatwg-url@https://registry.npmjs.org/whatwg-url/-/whatwg-url-14.2.0.tgz. Extracting by manifest.
271 silly tarball no local data for vary@https://registry.npmjs.org/vary/-/vary-1.1.2.tgz. Extracting by manifest.
272 silly tarball no local data for webidl-conversions@https://registry.npmjs.org/webidl-conversions/-/webidl-conversions-7.0.0.tgz. Extracting by manifest.
273 silly tarball no local data for uuid@https://registry.npmjs.org/uuid/-/uuid-9.0.1.tgz. Extracting by manifest.
274 silly tarball no local data for util-deprecate@https://registry.npmjs.org/util-deprecate/-/util-deprecate-1.0.2.tgz. Extracting by manifest.
275 silly tarball no local data for util@https://registry.npmjs.org/util/-/util-0.10.4.tgz. Extracting by manifest.
276 http cache supports-color@https://registry.npmjs.org/supports-color/-/supports-color-7.2.0.tgz 0ms (cache hit)
277 silly tarball no local data for universalify@https://registry.npmjs.org/universalify/-/universalify-2.0.1.tgz. Extracting by manifest.
278 silly tarball no local data for unpipe@https://registry.npmjs.org/unpipe/-/unpipe-1.0.0.tgz. Extracting by manifest.
279 silly tarball no local data for type-is@https://registry.npmjs.org/type-is/-/type-is-2.0.1.tgz. Extracting by manifest.
280 silly tarball no local data for undici-types@https://registry.npmjs.org/undici-types/-/undici-types-7.8.0.tgz. Extracting by manifest.
281 silly tarball no local data for typedarray@https://registry.npmjs.org/typedarray/-/typedarray-0.0.6.tgz. Extracting by manifest.
282 silly tarball no local data for tr46@https://registry.npmjs.org/tr46/-/tr46-5.1.1.tgz. Extracting by manifest.
283 silly tarball no local data for toidentifier@https://registry.npmjs.org/toidentifier/-/toidentifier-1.0.1.tgz. Extracting by manifest.
284 http cache has-flag@https://registry.npmjs.org/has-flag/-/has-flag-4.0.0.tgz 0ms (cache hit)
285 silly tarball no local data for tmp@https://registry.npmjs.org/tmp/-/tmp-0.0.33.tgz. Extracting by manifest.
286 silly tarball no local data for to-regex-range@https://registry.npmjs.org/to-regex-range/-/to-regex-range-5.0.1.tgz. Extracting by manifest.
287 silly tarball no local data for string_decoder@https://registry.npmjs.org/string_decoder/-/string_decoder-1.3.0.tgz. Extracting by manifest.
288 silly tarball no local data for streamifier@https://registry.npmjs.org/streamifier/-/streamifier-0.1.1.tgz. Extracting by manifest.
289 silly tarball no local data for sparse-bitfield@https://registry.npmjs.org/sparse-bitfield/-/sparse-bitfield-3.0.3.tgz. Extracting by manifest.
290 silly tarball no local data for socket.io-parser@https://registry.npmjs.org/socket.io-parser/-/socket.io-parser-4.2.4.tgz. Extracting by manifest.
291 silly tarball no local data for socket.io-adapter@https://registry.npmjs.org/socket.io-adapter/-/socket.io-adapter-2.5.5.tgz. Extracting by manifest.
292 silly tarball no local data for streamsearch@https://registry.npmjs.org/streamsearch/-/streamsearch-1.1.0.tgz. Extracting by manifest.
293 silly tarball no local data for socket.io@https://registry.npmjs.org/socket.io/-/socket.io-4.8.1.tgz. Extracting by manifest.
294 silly tarball no local data for statuses@https://registry.npmjs.org/statuses/-/statuses-2.0.1.tgz. Extracting by manifest.
295 silly tarball no local data for slash@https://registry.npmjs.org/slash/-/slash-2.0.0.tgz. Extracting by manifest.
296 silly tarball no local data for side-channel-weakmap@https://registry.npmjs.org/side-channel-weakmap/-/side-channel-weakmap-1.0.2.tgz. Extracting by manifest.
297 silly tarball no local data for side-channel-list@https://registry.npmjs.org/side-channel-list/-/side-channel-list-1.0.0.tgz. Extracting by manifest.
298 silly tarball no local data for sift@https://registry.npmjs.org/sift/-/sift-17.1.3.tgz. Extracting by manifest.
299 silly tarball no local data for side-channel-map@https://registry.npmjs.org/side-channel-map/-/side-channel-map-1.0.1.tgz. Extracting by manifest.
300 silly tarball no local data for side-channel@https://registry.npmjs.org/side-channel/-/side-channel-1.1.0.tgz. Extracting by manifest.
301 silly tarball no local data for shebang-regex@https://registry.npmjs.org/shebang-regex/-/shebang-regex-3.0.0.tgz. Extracting by manifest.
302 silly tarball no local data for set-function-length@https://registry.npmjs.org/set-function-length/-/set-function-length-1.2.2.tgz. Extracting by manifest.
303 silly tarball no local data for setprototypeof@https://registry.npmjs.org/setprototypeof/-/setprototypeof-1.2.0.tgz. Extracting by manifest.
304 silly tarball no local data for serve-static@https://registry.npmjs.org/serve-static/-/serve-static-2.2.0.tgz. Extracting by manifest.
305 silly tarball no local data for semver@https://registry.npmjs.org/semver/-/semver-7.7.2.tgz. Extracting by manifest.
306 silly tarball no local data for safer-buffer@https://registry.npmjs.org/safer-buffer/-/safer-buffer-2.1.2.tgz. Extracting by manifest.
307 silly tarball no local data for safe-buffer@https://registry.npmjs.org/safe-buffer/-/safe-buffer-5.2.1.tgz. Extracting by manifest.
308 silly tarball no local data for send@https://registry.npmjs.org/send/-/send-1.2.0.tgz. Extracting by manifest.
309 silly tarball no local data for shebang-command@https://registry.npmjs.org/shebang-command/-/shebang-command-2.0.0.tgz. Extracting by manifest.
310 silly tarball no local data for router@https://registry.npmjs.org/router/-/router-2.2.0.tgz. Extracting by manifest.
311 silly tarball no local data for rimraf@https://registry.npmjs.org/rimraf/-/rimraf-2.7.1.tgz. Extracting by manifest.
312 silly tarball no local data for readable-stream@https://registry.npmjs.org/readable-stream/-/readable-stream-3.6.2.tgz. Extracting by manifest.
313 silly tarball no local data for range-parser@https://registry.npmjs.org/range-parser/-/range-parser-1.2.1.tgz. Extracting by manifest.
314 silly tarball no local data for qs@https://registry.npmjs.org/qs/-/qs-6.14.0.tgz. Extracting by manifest.
315 silly tarball no local data for raw-body@https://registry.npmjs.org/raw-body/-/raw-body-3.0.0.tgz. Extracting by manifest.
316 silly tarball no local data for q@https://registry.npmjs.org/q/-/q-1.5.1.tgz. Extracting by manifest.
317 silly tarball no local data for proxy-from-env@https://registry.npmjs.org/proxy-from-env/-/proxy-from-env-1.1.0.tgz. Extracting by manifest.
318 silly tarball no local data for punycode@https://registry.npmjs.org/punycode/-/punycode-2.3.1.tgz. Extracting by manifest.
319 silly tarball no local data for process@https://registry.npmjs.org/process/-/process-0.11.10.tgz. Extracting by manifest.
320 silly tarball no local data for picomatch@https://registry.npmjs.org/picomatch/-/picomatch-2.3.1.tgz. Extracting by manifest.
321 silly tarball no local data for postinstall-postinstall@https://registry.npmjs.org/postinstall-postinstall/-/postinstall-postinstall-2.1.0.tgz. Extracting by manifest.
322 silly tarball no local data for pdf-parse@https://registry.npmjs.org/pdf-parse/-/pdf-parse-1.1.1.tgz. Extracting by manifest.
323 silly tarball no local data for path-to-regexp@https://registry.npmjs.org/path-to-regexp/-/path-to-regexp-8.2.0.tgz. Extracting by manifest.
324 silly tarball no local data for path-key@https://registry.npmjs.org/path-key/-/path-key-3.1.1.tgz. Extracting by manifest.
325 silly tarball no local data for path-is-absolute@https://registry.npmjs.org/path-is-absolute/-/path-is-absolute-1.0.1.tgz. Extracting by manifest.
326 silly tarball no local data for proxy-addr@https://registry.npmjs.org/proxy-addr/-/proxy-addr-2.0.7.tgz. Extracting by manifest.
327 silly tarball no local data for parseurl@https://registry.npmjs.org/parseurl/-/parseurl-1.3.3.tgz. Extracting by manifest.
328 silly tarball no local data for path@https://registry.npmjs.org/path/-/path-0.12.7.tgz. Extracting by manifest.
329 silly tarball no local data for os-tmpdir@https://registry.npmjs.org/os-tmpdir/-/os-tmpdir-1.0.2.tgz. Extracting by manifest.
330 silly tarball no local data for open@https://registry.npmjs.org/open/-/open-7.4.2.tgz. Extracting by manifest.
331 silly tarball no local data for on-finished@https://registry.npmjs.org/on-finished/-/on-finished-2.4.1.tgz. Extracting by manifest.
332 silly tarball no local data for once@https://registry.npmjs.org/once/-/once-1.4.0.tgz. Extracting by manifest.
333 silly tarball no local data for patch-package@https://registry.npmjs.org/patch-package/-/patch-package-8.0.0.tgz. Extracting by manifest.
334 silly tarball no local data for object-keys@https://registry.npmjs.org/object-keys/-/object-keys-1.1.1.tgz. Extracting by manifest.
335 silly tarball no local data for object-assign@https://registry.npmjs.org/object-assign/-/object-assign-4.1.1.tgz. Extracting by manifest.
336 silly tarball no local data for node-fetch@https://registry.npmjs.org/node-fetch/-/node-fetch-2.7.0.tgz. Extracting by manifest.
337 silly tarball no local data for node-ensure@https://registry.npmjs.org/node-ensure/-/node-ensure-0.0.0.tgz. Extracting by manifest.
338 silly tarball no local data for object-inspect@https://registry.npmjs.org/object-inspect/-/object-inspect-1.13.4.tgz. Extracting by manifest.
339 silly tarball no local data for nodemailer@https://registry.npmjs.org/nodemailer/-/nodemailer-7.0.3.tgz. Extracting by manifest.
340 silly tarball no local data for multer@https://registry.npmjs.org/multer/-/multer-2.0.2.tgz. Extracting by manifest.
341 silly tarball no local data for ms@https://registry.npmjs.org/ms/-/ms-2.1.3.tgz. Extracting by manifest.
342 silly tarball no local data for mquery@https://registry.npmjs.org/mquery/-/mquery-5.0.0.tgz. Extracting by manifest.
343 silly tarball no local data for mpath@https://registry.npmjs.org/mpath/-/mpath-0.9.0.tgz. Extracting by manifest.
344 silly tarball no local data for mongodb-connection-string-url@https://registry.npmjs.org/mongodb-connection-string-url/-/mongodb-connection-string-url-3.0.2.tgz. Extracting by manifest.
345 silly tarball no local data for negotiator@https://registry.npmjs.org/negotiator/-/negotiator-1.0.0.tgz. Extracting by manifest.
346 silly tarball no local data for mongodb@https://registry.npmjs.org/mongodb/-/mongodb-6.16.0.tgz. Extracting by manifest.
347 silly tarball no local data for minimist@https://registry.npmjs.org/minimist/-/minimist-1.2.8.tgz. Extracting by manifest.
348 silly tarball no local data for mongoose@https://registry.npmjs.org/mongoose/-/mongoose-8.15.0.tgz. Extracting by manifest.
349 silly tarball no local data for minimatch@https://registry.npmjs.org/minimatch/-/minimatch-3.1.2.tgz. Extracting by manifest.
350 silly tarball no local data for mime-db@https://registry.npmjs.org/mime-db/-/mime-db-1.54.0.tgz. Extracting by manifest.
351 silly tarball no local data for mime-types@https://registry.npmjs.org/mime-types/-/mime-types-3.0.1.tgz. Extracting by manifest.
352 silly tarball no local data for mkdirp@https://registry.npmjs.org/mkdirp/-/mkdirp-0.5.6.tgz. Extracting by manifest.
353 silly tarball no local data for micromatch@https://registry.npmjs.org/micromatch/-/micromatch-4.0.8.tgz. Extracting by manifest.
354 silly tarball no local data for merge-descriptors@https://registry.npmjs.org/merge-descriptors/-/merge-descriptors-2.0.0.tgz. Extracting by manifest.
355 silly tarball no local data for math-intrinsics@https://registry.npmjs.org/math-intrinsics/-/math-intrinsics-1.1.0.tgz. Extracting by manifest.
356 silly tarball no local data for lodash.once@https://registry.npmjs.org/lodash.once/-/lodash.once-4.1.1.tgz. Extracting by manifest.
357 silly tarball no local data for memory-pager@https://registry.npmjs.org/memory-pager/-/memory-pager-1.5.0.tgz. Extracting by manifest.
358 silly tarball no local data for media-typer@https://registry.npmjs.org/media-typer/-/media-typer-1.1.0.tgz. Extracting by manifest.
359 silly tarball no local data for lodash.isstring@https://registry.npmjs.org/lodash.isstring/-/lodash.isstring-4.0.1.tgz. Extracting by manifest.
360 silly tarball no local data for lodash.isplainobject@https://registry.npmjs.org/lodash.isplainobject/-/lodash.isplainobject-4.0.6.tgz. Extracting by manifest.
361 silly tarball no local data for lodash.isnumber@https://registry.npmjs.org/lodash.isnumber/-/lodash.isnumber-3.0.3.tgz. Extracting by manifest.
362 silly tarball no local data for lodash.isboolean@https://registry.npmjs.org/lodash.isboolean/-/lodash.isboolean-3.0.3.tgz. Extracting by manifest.
363 silly tarball no local data for lodash.includes@https://registry.npmjs.org/lodash.includes/-/lodash.includes-4.3.0.tgz. Extracting by manifest.
364 silly tarball no local data for lodash.isinteger@https://registry.npmjs.org/lodash.isinteger/-/lodash.isinteger-4.0.4.tgz. Extracting by manifest.
365 silly tarball no local data for klaw-sync@https://registry.npmjs.org/klaw-sync/-/klaw-sync-6.0.0.tgz. Extracting by manifest.
366 silly tarball no local data for kareem@https://registry.npmjs.org/kareem/-/kareem-2.6.3.tgz. Extracting by manifest.
367 silly tarball no local data for lodash@https://registry.npmjs.org/lodash/-/lodash-4.17.21.tgz. Extracting by manifest.
368 silly tarball no local data for jwa@https://registry.npmjs.org/jwa/-/jwa-1.4.2.tgz. Extracting by manifest.
369 silly tarball no local data for jsonwebtoken@https://registry.npmjs.org/jsonwebtoken/-/jsonwebtoken-9.0.2.tgz. Extracting by manifest.
370 silly tarball no local data for jws@https://registry.npmjs.org/jws/-/jws-3.2.2.tgz. Extracting by manifest.
371 silly tarball no local data for jsonify@https://registry.npmjs.org/jsonify/-/jsonify-0.0.1.tgz. Extracting by manifest.
372 silly tarball no local data for jsonfile@https://registry.npmjs.org/jsonfile/-/jsonfile-6.2.0.tgz. Extracting by manifest.
373 silly tarball no local data for json-stable-stringify@https://registry.npmjs.org/json-stable-stringify/-/json-stable-stringify-1.3.0.tgz. Extracting by manifest.
374 silly tarball no local data for isexe@https://registry.npmjs.org/isexe/-/isexe-2.0.0.tgz. Extracting by manifest.
375 silly tarball no local data for json-bigint@https://registry.npmjs.org/json-bigint/-/json-bigint-1.0.0.tgz. Extracting by manifest.
376 silly tarball no local data for joi@https://registry.npmjs.org/joi/-/joi-17.13.3.tgz. Extracting by manifest.
377 silly tarball no local data for is-wsl@https://registry.npmjs.org/is-wsl/-/is-wsl-2.2.0.tgz. Extracting by manifest.
378 silly tarball no local data for is-promise@https://registry.npmjs.org/is-promise/-/is-promise-4.0.0.tgz. Extracting by manifest.
379 silly tarball no local data for is-number@https://registry.npmjs.org/is-number/-/is-number-7.0.0.tgz. Extracting by manifest.
380 silly tarball no local data for isarray@https://registry.npmjs.org/isarray/-/isarray-2.0.5.tgz. Extracting by manifest.
381 silly tarball no local data for is-stream@https://registry.npmjs.org/is-stream/-/is-stream-2.0.1.tgz. Extracting by manifest.
382 silly tarball no local data for is-docker@https://registry.npmjs.org/is-docker/-/is-docker-2.2.1.tgz. Extracting by manifest.
383 silly tarball no local data for ipaddr.js@https://registry.npmjs.org/ipaddr.js/-/ipaddr.js-1.9.1.tgz. Extracting by manifest.
384 silly tarball no local data for inherits@https://registry.npmjs.org/inherits/-/inherits-2.0.4.tgz. Extracting by manifest.
385 silly tarball no local data for inflight@https://registry.npmjs.org/inflight/-/inflight-1.0.6.tgz. Extracting by manifest.
386 silly tarball no local data for iconv-lite@https://registry.npmjs.org/iconv-lite/-/iconv-lite-0.6.3.tgz. Extracting by manifest.
387 silly tarball no local data for https-proxy-agent@https://registry.npmjs.org/https-proxy-agent/-/https-proxy-agent-7.0.6.tgz. Extracting by manifest.
388 silly tarball no local data for hasown@https://registry.npmjs.org/hasown/-/hasown-2.0.2.tgz. Extracting by manifest.
389 silly tarball no local data for http-errors@https://registry.npmjs.org/http-errors/-/http-errors-2.0.0.tgz. Extracting by manifest.
390 silly tarball no local data for has-symbols@https://registry.npmjs.org/has-symbols/-/has-symbols-1.1.0.tgz. Extracting by manifest.
391 silly tarball no local data for has-property-descriptors@https://registry.npmjs.org/has-property-descriptors/-/has-property-descriptors-1.0.2.tgz. Extracting by manifest.
392 silly tarball no local data for has-tostringtag@https://registry.npmjs.org/has-tostringtag/-/has-tostringtag-1.0.2.tgz. Extracting by manifest.
393 silly tarball no local data for gopd@https://registry.npmjs.org/gopd/-/gopd-1.2.0.tgz. Extracting by manifest.
394 silly tarball no local data for graceful-fs@https://registry.npmjs.org/graceful-fs/-/graceful-fs-4.2.11.tgz. Extracting by manifest.
395 silly tarball no local data for google-auth-library@https://registry.npmjs.org/google-auth-library/-/google-auth-library-9.15.1.tgz. Extracting by manifest.
396 silly tarball no local data for google-logging-utils@https://registry.npmjs.org/google-logging-utils/-/google-logging-utils-0.0.2.tgz. Extracting by manifest.
397 silly tarball no local data for glob@https://registry.npmjs.org/glob/-/glob-7.2.3.tgz. Extracting by manifest.
398 silly tarball no local data for gtoken@https://registry.npmjs.org/gtoken/-/gtoken-7.1.0.tgz. Extracting by manifest.
399 silly tarball no local data for get-proto@https://registry.npmjs.org/get-proto/-/get-proto-1.0.1.tgz. Extracting by manifest.
400 silly tarball no local data for get-intrinsic@https://registry.npmjs.org/get-intrinsic/-/get-intrinsic-1.3.0.tgz. Extracting by manifest.
401 silly tarball no local data for gaxios@https://registry.npmjs.org/gaxios/-/gaxios-6.7.1.tgz. Extracting by manifest.
402 silly tarball no local data for function-bind@https://registry.npmjs.org/function-bind/-/function-bind-1.1.2.tgz. Extracting by manifest.
403 silly tarball no local data for fs.realpath@https://registry.npmjs.org/fs.realpath/-/fs.realpath-1.0.0.tgz. Extracting by manifest.
404 silly tarball no local data for fresh@https://registry.npmjs.org/fresh/-/fresh-2.0.0.tgz. Extracting by manifest.
405 silly tarball no local data for forwarded@https://registry.npmjs.org/forwarded/-/forwarded-0.2.0.tgz. Extracting by manifest.
406 silly tarball no local data for fs-extra@https://registry.npmjs.org/fs-extra/-/fs-extra-9.1.0.tgz. Extracting by manifest.
407 silly tarball no local data for follow-redirects@https://registry.npmjs.org/follow-redirects/-/follow-redirects-1.15.9.tgz. Extracting by manifest.
408 silly tarball no local data for form-data@https://registry.npmjs.org/form-data/-/form-data-4.0.4.tgz. Extracting by manifest.
409 silly tarball no local data for fill-range@https://registry.npmjs.org/fill-range/-/fill-range-7.1.1.tgz. Extracting by manifest.
410 silly tarball no local data for extend@https://registry.npmjs.org/extend/-/extend-3.0.2.tgz. Extracting by manifest.
411 silly tarball no local data for finalhandler@https://registry.npmjs.org/finalhandler/-/finalhandler-2.1.0.tgz. Extracting by manifest.
412 silly tarball no local data for find-yarn-workspace-root@https://registry.npmjs.org/find-yarn-workspace-root/-/find-yarn-workspace-root-2.0.0.tgz. Extracting by manifest.
413 silly tarball no local data for express@https://registry.npmjs.org/express/-/express-5.1.0.tgz. Extracting by manifest.
414 silly tarball no local data for etag@https://registry.npmjs.org/etag/-/etag-1.8.1.tgz. Extracting by manifest.
415 silly tarball no local data for es-object-atoms@https://registry.npmjs.org/es-object-atoms/-/es-object-atoms-1.1.1.tgz. Extracting by manifest.
416 silly tarball no local data for escape-html@https://registry.npmjs.org/escape-html/-/escape-html-1.0.3.tgz. Extracting by manifest.
417 silly tarball no local data for es-errors@https://registry.npmjs.org/es-errors/-/es-errors-1.3.0.tgz. Extracting by manifest.
418 silly tarball no local data for es-define-property@https://registry.npmjs.org/es-define-property/-/es-define-property-1.0.1.tgz. Extracting by manifest.
419 silly tarball no local data for engine.io@https://registry.npmjs.org/engine.io/-/engine.io-6.6.4.tgz. Extracting by manifest.
420 silly tarball no local data for encodeurl@https://registry.npmjs.org/encodeurl/-/encodeurl-2.0.0.tgz. Extracting by manifest.
421 silly tarball no local data for es-set-tostringtag@https://registry.npmjs.org/es-set-tostringtag/-/es-set-tostringtag-2.1.0.tgz. Extracting by manifest.
422 silly tarball no local data for ee-first@https://registry.npmjs.org/ee-first/-/ee-first-1.1.1.tgz. Extracting by manifest.
423 silly tarball no local data for engine.io-parser@https://registry.npmjs.org/engine.io-parser/-/engine.io-parser-5.2.3.tgz. Extracting by manifest.
424 silly tarball no local data for ecdsa-sig-formatter@https://registry.npmjs.org/ecdsa-sig-formatter/-/ecdsa-sig-formatter-1.0.11.tgz. Extracting by manifest.
425 silly tarball no local data for depd@https://registry.npmjs.org/depd/-/depd-2.0.0.tgz. Extracting by manifest.
426 silly tarball no local data for dotenv@https://registry.npmjs.org/dotenv/-/dotenv-16.6.1.tgz. Extracting by manifest.
427 silly tarball no local data for delayed-stream@https://registry.npmjs.org/delayed-stream/-/delayed-stream-1.0.0.tgz. Extracting by manifest.
428 silly tarball no local data for dunder-proto@https://registry.npmjs.org/dunder-proto/-/dunder-proto-1.0.1.tgz. Extracting by manifest.
429 silly tarball no local data for define-data-property@https://registry.npmjs.org/define-data-property/-/define-data-property-1.1.4.tgz. Extracting by manifest.
430 silly tarball no local data for deepmerge@https://registry.npmjs.org/deepmerge/-/deepmerge-4.3.1.tgz. Extracting by manifest.
431 silly tarball no local data for cross-spawn@https://registry.npmjs.org/cross-spawn/-/cross-spawn-7.0.6.tgz. Extracting by manifest.
432 silly tarball no local data for debug@https://registry.npmjs.org/debug/-/debug-4.4.1.tgz. Extracting by manifest.
433 silly tarball no local data for crypto@https://registry.npmjs.org/crypto/-/crypto-1.0.1.tgz. Extracting by manifest.
434 silly tarball no local data for cookie-signature@https://registry.npmjs.org/cookie-signature/-/cookie-signature-1.2.2.tgz. Extracting by manifest.
435 silly tarball no local data for cors@https://registry.npmjs.org/cors/-/cors-2.8.5.tgz. Extracting by manifest.
436 silly tarball no local data for cookie@https://registry.npmjs.org/cookie/-/cookie-0.7.2.tgz. Extracting by manifest.
437 silly tarball no local data for content-type@https://registry.npmjs.org/content-type/-/content-type-1.0.5.tgz. Extracting by manifest.
438 silly tarball no local data for concat-map@https://registry.npmjs.org/concat-map/-/concat-map-0.0.1.tgz. Extracting by manifest.
439 silly tarball no local data for cookie-parser@https://registry.npmjs.org/cookie-parser/-/cookie-parser-1.4.7.tgz. Extracting by manifest.
440 silly tarball no local data for content-disposition@https://registry.npmjs.org/content-disposition/-/content-disposition-1.0.0.tgz. Extracting by manifest.
441 silly tarball no local data for concat-stream@https://registry.npmjs.org/concat-stream/-/concat-stream-2.0.0.tgz. Extracting by manifest.
442 silly tarball no local data for combined-stream@https://registry.npmjs.org/combined-stream/-/combined-stream-1.0.8.tgz. Extracting by manifest.
443 silly tarball no local data for cloudinary@https://registry.npmjs.org/cloudinary/-/cloudinary-2.6.1.tgz. Extracting by manifest.
444 silly tarball no local data for color-convert@https://registry.npmjs.org/color-convert/-/color-convert-2.0.1.tgz. Extracting by manifest.
445 silly tarball no local data for ci-info@https://registry.npmjs.org/ci-info/-/ci-info-3.9.0.tgz. Extracting by manifest.
446 silly tarball no local data for color-name@https://registry.npmjs.org/color-name/-/color-name-1.1.4.tgz. Extracting by manifest.
447 silly tarball no local data for call-bind-apply-helpers@https://registry.npmjs.org/call-bind-apply-helpers/-/call-bind-apply-helpers-1.0.2.tgz. Extracting by manifest.
448 silly tarball no local data for call-bound@https://registry.npmjs.org/call-bound/-/call-bound-1.0.4.tgz. Extracting by manifest.
449 silly tarball no local data for chalk@https://registry.npmjs.org/chalk/-/chalk-4.1.2.tgz. Extracting by manifest.
450 silly tarball no local data for busboy@https://registry.npmjs.org/busboy/-/busboy-1.6.0.tgz. Extracting by manifest.
451 silly tarball no local data for call-bind@https://registry.npmjs.org/call-bind/-/call-bind-1.0.8.tgz. Extracting by manifest.
452 silly tarball no local data for bytes@https://registry.npmjs.org/bytes/-/bytes-3.1.2.tgz. Extracting by manifest.
453 silly tarball no local data for buffer-equal-constant-time@https://registry.npmjs.org/buffer-equal-constant-time/-/buffer-equal-constant-time-1.0.1.tgz. Extracting by manifest.
454 silly tarball no local data for buffer-from@https://registry.npmjs.org/buffer-from/-/buffer-from-1.1.2.tgz. Extracting by manifest.
455 silly tarball no local data for body-parser@https://registry.npmjs.org/body-parser/-/body-parser-2.2.0.tgz. Extracting by manifest.
456 silly tarball no local data for braces@https://registry.npmjs.org/braces/-/braces-3.0.3.tgz. Extracting by manifest.
457 silly tarball no local data for brace-expansion@https://registry.npmjs.org/brace-expansion/-/brace-expansion-1.1.12.tgz. Extracting by manifest.
458 silly tarball no local data for bson@https://registry.npmjs.org/bson/-/bson-6.10.3.tgz. Extracting by manifest.
459 silly tarball no local data for bignumber.js@https://registry.npmjs.org/bignumber.js/-/bignumber.js-9.3.0.tgz. Extracting by manifest.
460 silly tarball no local data for balanced-match@https://registry.npmjs.org/balanced-match/-/balanced-match-1.0.2.tgz. Extracting by manifest.
461 silly tarball no local data for bcryptjs@https://registry.npmjs.org/bcryptjs/-/bcryptjs-3.0.2.tgz. Extracting by manifest.
462 silly tarball no local data for base64id@https://registry.npmjs.org/base64id/-/base64id-2.0.0.tgz. Extracting by manifest.
463 silly tarball no local data for base64-js@https://registry.npmjs.org/base64-js/-/base64-js-1.5.1.tgz. Extracting by manifest.
464 silly tarball no local data for axios@https://registry.npmjs.org/axios/-/axios-1.9.0.tgz. Extracting by manifest.
465 silly tarball no local data for asynckit@https://registry.npmjs.org/asynckit/-/asynckit-0.4.0.tgz. Extracting by manifest.
466 silly tarball no local data for at-least-node@https://registry.npmjs.org/at-least-node/-/at-least-node-1.0.0.tgz. Extracting by manifest.
467 silly tarball no local data for ansi-styles@https://registry.npmjs.org/ansi-styles/-/ansi-styles-4.3.0.tgz. Extracting by manifest.
468 silly tarball no local data for append-field@https://registry.npmjs.org/append-field/-/append-field-1.0.0.tgz. Extracting by manifest.
469 silly tarball no local data for accepts@https://registry.npmjs.org/accepts/-/accepts-2.0.0.tgz. Extracting by manifest.
470 silly tarball no local data for agent-base@https://registry.npmjs.org/agent-base/-/agent-base-7.1.3.tgz. Extracting by manifest.
471 silly tarball no local data for @yarnpkg/lockfile@https://registry.npmjs.org/@yarnpkg/lockfile/-/lockfile-1.1.0.tgz. Extracting by manifest.
472 silly tarball no local data for @types/webidl-conversions@https://registry.npmjs.org/@types/webidl-conversions/-/webidl-conversions-7.0.3.tgz. Extracting by manifest.
473 silly tarball no local data for @types/whatwg-url@https://registry.npmjs.org/@types/whatwg-url/-/whatwg-url-11.0.5.tgz. Extracting by manifest.
474 silly tarball no local data for @socket.io/component-emitter@https://registry.npmjs.org/@socket.io/component-emitter/-/component-emitter-3.1.2.tgz. Extracting by manifest.
475 silly tarball no local data for @types/node@https://registry.npmjs.org/@types/node/-/node-24.0.0.tgz. Extracting by manifest.
476 silly tarball no local data for @types/cors@https://registry.npmjs.org/@types/cors/-/cors-2.8.19.tgz. Extracting by manifest.
477 silly tarball no local data for @sendgrid/mail@https://registry.npmjs.org/@sendgrid/mail/-/mail-8.1.5.tgz. Extracting by manifest.
478 silly tarball no local data for @sendgrid/helpers@https://registry.npmjs.org/@sendgrid/helpers/-/helpers-8.0.0.tgz. Extracting by manifest.
479 silly tarball no local data for @sideway/address@https://registry.npmjs.org/@sideway/address/-/address-4.1.5.tgz. Extracting by manifest.
480 silly tarball no local data for @sideway/formula@https://registry.npmjs.org/@sideway/formula/-/formula-3.0.1.tgz. Extracting by manifest.
481 silly tarball no local data for @sideway/pinpoint@https://registry.npmjs.org/@sideway/pinpoint/-/pinpoint-2.0.0.tgz. Extracting by manifest.
482 silly tarball no local data for @react-oauth/google@https://registry.npmjs.org/@react-oauth/google/-/google-0.12.2.tgz. Extracting by manifest.
483 silly tarball no local data for @sendgrid/client@https://registry.npmjs.org/@sendgrid/client/-/client-8.1.5.tgz. Extracting by manifest.
484 silly tarball no local data for @mongodb-js/saslprep@https://registry.npmjs.org/@mongodb-js/saslprep/-/saslprep-1.2.2.tgz. Extracting by manifest.
485 silly tarball no local data for @hapi/hoek@https://registry.npmjs.org/@hapi/hoek/-/hoek-9.3.0.tgz. Extracting by manifest.
486 silly tarball no local data for @hapi/topo@https://registry.npmjs.org/@hapi/topo/-/topo-5.1.0.tgz. Extracting by manifest.
487 silly tarball no local data for inherits@https://registry.npmjs.org/inherits/-/inherits-2.0.3.tgz. Extracting by manifest.
488 silly tarball no local data for debug@https://registry.npmjs.org/debug/-/debug-4.3.7.tgz. Extracting by manifest.
489 silly tarball no local data for negotiator@https://registry.npmjs.org/negotiator/-/negotiator-0.6.3.tgz. Extracting by manifest.
490 silly tarball no local data for debug@https://registry.npmjs.org/debug/-/debug-4.3.7.tgz. Extracting by manifest.
491 silly tarball no local data for mime-db@https://registry.npmjs.org/mime-db/-/mime-db-1.52.0.tgz. Extracting by manifest.
492 silly tarball no local data for debug@https://registry.npmjs.org/debug/-/debug-3.2.7.tgz. Extracting by manifest.
493 silly tarball no local data for accepts@https://registry.npmjs.org/accepts/-/accepts-1.3.8.tgz. Extracting by manifest.
494 silly tarball no local data for debug@https://registry.npmjs.org/debug/-/debug-4.3.7.tgz. Extracting by manifest.
495 silly tarball no local data for mime-types@https://registry.npmjs.org/mime-types/-/mime-types-2.1.35.tgz. Extracting by manifest.
496 silly tarball no local data for type-is@https://registry.npmjs.org/type-is/-/type-is-1.6.18.tgz. Extracting by manifest.
497 silly tarball no local data for whatwg-url@https://registry.npmjs.org/whatwg-url/-/whatwg-url-5.0.0.tgz. Extracting by manifest.
498 silly tarball no local data for jws@https://registry.npmjs.org/jws/-/jws-4.0.0.tgz. Extracting by manifest.
499 silly tarball no local data for tr46@https://registry.npmjs.org/tr46/-/tr46-0.0.3.tgz. Extracting by manifest.
500 silly tarball no local data for mime-types@https://registry.npmjs.org/mime-types/-/mime-types-2.1.35.tgz. Extracting by manifest.
501 silly tarball no local data for webidl-conversions@https://registry.npmjs.org/webidl-conversions/-/webidl-conversions-3.0.1.tgz. Extracting by manifest.
502 silly tarball no local data for jwa@https://registry.npmjs.org/jwa/-/jwa-2.0.1.tgz. Extracting by manifest.
503 silly tarball no local data for mime-db@https://registry.npmjs.org/mime-db/-/mime-db-1.52.0.tgz. Extracting by manifest.
504 silly tarball no local data for media-typer@https://registry.npmjs.org/media-typer/-/media-typer-0.3.0.tgz. Extracting by manifest.
505 silly tarball no local data for mime-types@https://registry.npmjs.org/mime-types/-/mime-types-2.1.35.tgz. Extracting by manifest.
506 silly tarball no local data for mime-db@https://registry.npmjs.org/mime-db/-/mime-db-1.52.0.tgz. Extracting by manifest.
507 silly tarball no local data for jwa@https://registry.npmjs.org/jwa/-/jwa-2.0.1.tgz. Extracting by manifest.
508 silly tarball no local data for jws@https://registry.npmjs.org/jws/-/jws-4.0.0.tgz. Extracting by manifest.
509 silly tarball no local data for mime-db@https://registry.npmjs.org/mime-db/-/mime-db-1.52.0.tgz. Extracting by manifest.
510 silly tarball no local data for gcp-metadata@https://registry.npmjs.org/gcp-metadata/-/gcp-metadata-6.1.1.tgz. Extracting by manifest.
511 silly tarball no local data for negotiator@https://registry.npmjs.org/negotiator/-/negotiator-0.6.3.tgz. Extracting by manifest.
512 silly tarball no local data for mime-types@https://registry.npmjs.org/mime-types/-/mime-types-2.1.35.tgz. Extracting by manifest.
513 silly tarball no local data for debug@https://registry.npmjs.org/debug/-/debug-4.3.7.tgz. Extracting by manifest.
514 silly tarball no local data for accepts@https://registry.npmjs.org/accepts/-/accepts-1.3.8.tgz. Extracting by manifest.
515 silly tarball no local data for cookie-signature@https://registry.npmjs.org/cookie-signature/-/cookie-signature-1.0.6.tgz. Extracting by manifest.
516 notice Beginning October 4, 2021, all connections to the npm registry - including for package installation - must use TLS 1.2 or higher. You are currently using plaintext http to connect. Please visit the GitHub blog for more information: https://github.blog/2021-08-23-npm-registry-deprecating-tls-1-0-tls-1-1/
517 http fetch POST 426 http://registry.npmjs.org/-/npm/v1/security/advisories/bulk 594ms
518 verbose audit error HttpErrorGeneral: 426 Upgrade Required - POST http://registry.npmjs.org/-/npm/v1/security/advisories/bulk
518 verbose audit error     at C:\Users\sohar\AppData\Roaming\npm\node_modules\npm\node_modules\npm-registry-fetch\lib\check-response.js:103:15
518 verbose audit error     at process.processTicksAndRejections (node:internal/process/task_queues:105:5)
518 verbose audit error     at async #getReport (C:\Users\sohar\AppData\Roaming\npm\node_modules\npm\node_modules\@npmcli\arborist\lib\audit-report.js:275:19)
518 verbose audit error     at async AuditReport.run (C:\Users\sohar\AppData\Roaming\npm\node_modules\npm\node_modules\@npmcli\arborist\lib\audit-report.js:100:19) {
518 verbose audit error   headers: [Object: null prototype] {
518 verbose audit error     date: [ 'Thu, 25 Sep 2025 10:00:56 GMT' ],
518 verbose audit error     'content-type': [ 'text/plain' ],
518 verbose audit error     'content-length': [ '271' ],
518 verbose audit error     connection: [ 'keep-alive' ],
518 verbose audit error     'npm-notice': [
518 verbose audit error       'Beginning October 4, 2021, all connections to the npm registry - including for package installation - must use TLS 1.2 or higher. You are currently using plaintext http to connect. Please visit the GitHub blog for more information: https://github.blog/2021-08-23-npm-registry-deprecating-tls-1-0-tls-1-1/'
518 verbose audit error     ],
518 verbose audit error     vary: [ 'Accept-Encoding' ],
518 verbose audit error     'set-cookie': [
518 verbose audit error       '_cfuvid=.lY5NoIp0.8kTIzqrznETlci0.YJuzpxsTrBpZUM2_o-1758794456046-0.0.1.1-604800000; path=/; domain=.npmjs.org; HttpOnly'
518 verbose audit error     ],
518 verbose audit error     server: [ 'cloudflare' ],
518 verbose audit error     'cf-ray': [ '9849ad663d8ca75c-IXC' ],
518 verbose audit error     'x-fetch-attempts': [ '1' ]
518 verbose audit error   },
518 verbose audit error   statusCode: 426,
518 verbose audit error   code: 'E426',
518 verbose audit error   method: 'POST',
518 verbose audit error   uri: 'http://registry.npmjs.org/-/npm/v1/security/advisories/bulk',
518 verbose audit error   body: <Buffer 42 65 67 69 6e 6e 69 6e 67 20 4f 63 74 6f 62 65 72 20 34 2c 20 32 30 32 31 2c 20 61 6c 6c 20 63 6f 6e 6e 65 63 74 69 6f 6e 73 20 74 6f 20 6e 70 6d 20 ... 221 more bytes>,
518 verbose audit error   pkgid: undefined
518 verbose audit error }
519 silly audit error Beginning October 4, 2021, all connections to npm websites and the npm registry - including for package installation - must use HTTPS and TLS 1.2 or higher.
519 silly audit error
519 silly audit error For more information see this blog post: https://github.blog/2021-08-23-npm-registry-deprecating-tls-1-0-tls-1-1/
520 silly audit report null
521 silly tarball no local data for supports-color@https://registry.npmjs.org/supports-color/-/supports-color-7.2.0.tgz. Extracting by manifest.
522 silly tarball no local data for has-flag@https://registry.npmjs.org/has-flag/-/has-flag-4.0.0.tgz. Extracting by manifest.
523 http fetch GET 200 https://registry.npmjs.org/npm 1646ms
524 http fetch GET 200 https://registry.npmjs.org/string_decoder/-/string_decoder-1.3.0.tgz 1718ms (cache miss)
525 http fetch GET 200 https://registry.npmjs.org/vary/-/vary-1.1.2.tgz 1962ms (cache miss)
526 http fetch GET 200 https://registry.npmjs.org/xtend/-/xtend-4.0.2.tgz 2185ms (cache miss)
527 http fetch GET 200 https://registry.npmjs.org/wrappy/-/wrappy-1.0.2.tgz 2184ms (cache miss)
528 http fetch GET 200 https://registry.npmjs.org/unpipe/-/unpipe-1.0.0.tgz 2250ms (cache miss)
529 http fetch GET 200 https://registry.npmjs.org/sparse-bitfield/-/sparse-bitfield-3.0.3.tgz 2240ms (cache miss)
530 http fetch GET 200 https://registry.npmjs.org/webidl-conversions/-/webidl-conversions-7.0.0.tgz 2334ms (cache miss)
531 http fetch GET 200 https://registry.npmjs.org/universalify/-/universalify-2.0.1.tgz 2332ms (cache miss)
532 http fetch GET 200 https://registry.npmjs.org/streamifier/-/streamifier-0.1.1.tgz 2416ms (cache miss)
533 http fetch GET 200 https://registry.npmjs.org/util-deprecate/-/util-deprecate-1.0.2.tgz 2752ms (cache miss)
534 http fetch GET 200 https://registry.npmjs.org/which/-/which-2.0.2.tgz 2764ms (cache miss)
535 http fetch GET 200 https://registry.npmjs.org/type-is/-/type-is-2.0.1.tgz 3163ms (cache miss)
536 http fetch GET 200 https://registry.npmjs.org/shebang-regex/-/shebang-regex-3.0.0.tgz 3214ms (cache miss)
537 http fetch GET 200 https://registry.npmjs.org/toidentifier/-/toidentifier-1.0.1.tgz 3280ms (cache miss)
538 http fetch GET 200 https://registry.npmjs.org/slash/-/slash-2.0.0.tgz 3269ms (cache miss)
539 http fetch GET 200 https://registry.npmjs.org/to-regex-range/-/to-regex-range-5.0.1.tgz 3318ms (cache miss)
540 http fetch GET 200 https://registry.npmjs.org/util/-/util-0.10.4.tgz 3371ms (cache miss)
541 http fetch GET 200 https://registry.npmjs.org/tmp/-/tmp-0.0.33.tgz 3367ms (cache miss)
542 http fetch GET 200 https://registry.npmjs.org/shebang-command/-/shebang-command-2.0.0.tgz 3396ms (cache miss)
543 http fetch GET 200 https://registry.npmjs.org/tr46/-/tr46-5.1.1.tgz 3520ms (cache miss)
544 http fetch GET 200 https://registry.npmjs.org/statuses/-/statuses-2.0.1.tgz 3513ms (cache miss)
545 http fetch GET 200 https://registry.npmjs.org/range-parser/-/range-parser-1.2.1.tgz 3499ms (cache miss)
546 http fetch GET 200 https://registry.npmjs.org/os-tmpdir/-/os-tmpdir-1.0.2.tgz 3605ms (cache miss)
547 http fetch GET 200 https://registry.npmjs.org/object-assign/-/object-assign-4.1.1.tgz 3604ms (cache miss)
548 http fetch GET 200 https://registry.npmjs.org/typedarray/-/typedarray-0.0.6.tgz 3745ms (cache miss)
549 http fetch GET 200 https://registry.npmjs.org/path-is-absolute/-/path-is-absolute-1.0.1.tgz 3718ms (cache miss)
550 http fetch GET 200 https://registry.npmjs.org/node-ensure/-/node-ensure-0.0.0.tgz 3712ms (cache miss)
551 http fetch GET 200 https://registry.npmjs.org/object-keys/-/object-keys-1.1.1.tgz 3716ms (cache miss)
552 http fetch GET 200 https://registry.npmjs.org/setprototypeof/-/setprototypeof-1.2.0.tgz 3817ms (cache miss)
553 http fetch GET 200 https://registry.npmjs.org/postinstall-postinstall/-/postinstall-postinstall-2.1.0.tgz 3814ms (cache miss)
554 http fetch GET 200 https://registry.npmjs.org/parseurl/-/parseurl-1.3.3.tgz 3812ms (cache miss)
555 http fetch GET 200 https://registry.npmjs.org/path-key/-/path-key-3.1.1.tgz 3921ms (cache miss)
556 http fetch GET 200 https://registry.npmjs.org/once/-/once-1.4.0.tgz 3919ms (cache miss)
557 http fetch GET 200 https://registry.npmjs.org/memory-pager/-/memory-pager-1.5.0.tgz 3911ms (cache miss)
558 http fetch GET 200 https://registry.npmjs.org/punycode/-/punycode-2.3.1.tgz 4038ms (cache miss)
559 http fetch GET 200 https://registry.npmjs.org/mongodb-connection-string-url/-/mongodb-connection-string-url-3.0.2.tgz 4030ms (cache miss)
560 http fetch GET 200 https://registry.npmjs.org/rimraf/-/rimraf-2.7.1.tgz 4119ms (cache miss)
561 warn deprecated rimraf@2.7.1: Rimraf versions prior to v4 are no longer supported
562 http fetch GET 200 https://registry.npmjs.org/mkdirp/-/mkdirp-0.5.6.tgz 4102ms (cache miss)
563 http fetch GET 200 https://registry.npmjs.org/ms/-/ms-2.1.3.tgz 4180ms (cache miss)
564 http fetch GET 200 https://registry.npmjs.org/merge-descriptors/-/merge-descriptors-2.0.0.tgz 4258ms (cache miss)
565 http fetch GET 200 https://registry.npmjs.org/proxy-from-env/-/proxy-from-env-1.1.0.tgz 4372ms (cache miss)
566 http fetch GET 200 https://registry.npmjs.org/mime-types/-/mime-types-3.0.1.tgz 4360ms (cache miss)
567 http fetch GET 200 https://registry.npmjs.org/minimatch/-/minimatch-3.1.2.tgz 4363ms (cache miss)
568 http fetch GET 200 https://registry.npmjs.org/lodash.isplainobject/-/lodash.isplainobject-4.0.6.tgz 4358ms (cache miss)
569 http fetch GET 200 https://registry.npmjs.org/lodash.isnumber/-/lodash.isnumber-3.0.3.tgz 4357ms (cache miss)
570 http fetch GET 200 https://registry.npmjs.org/lodash.isstring/-/lodash.isstring-4.0.1.tgz 4359ms (cache miss)
571 http fetch GET 200 https://registry.npmjs.org/process/-/process-0.11.10.tgz 4481ms (cache miss)
572 http fetch GET 200 https://registry.npmjs.org/lodash.isboolean/-/lodash.isboolean-3.0.3.tgz 4460ms (cache miss)
573 http fetch GET 200 https://registry.npmjs.org/raw-body/-/raw-body-3.0.0.tgz 4657ms (cache miss)
574 http fetch GET 200 https://registry.npmjs.org/media-typer/-/media-typer-1.1.0.tgz 4639ms (cache miss)
575 http fetch GET 200 https://registry.npmjs.org/serve-static/-/serve-static-2.2.0.tgz 4751ms (cache miss)
576 http fetch GET 200 https://registry.npmjs.org/router/-/router-2.2.0.tgz 4757ms (cache miss)
577 http fetch GET 200 https://registry.npmjs.org/on-finished/-/on-finished-2.4.1.tgz 4945ms (cache miss)
578 http fetch GET 200 https://registry.npmjs.org/lodash.once/-/lodash.once-4.1.1.tgz 4948ms (cache miss)
579 http fetch GET 200 https://registry.npmjs.org/lodash.isinteger/-/lodash.isinteger-4.0.4.tgz 4945ms (cache miss)
580 http fetch GET 200 https://registry.npmjs.org/jwa/-/jwa-1.4.2.tgz 4943ms (cache miss)
581 http fetch GET 200 https://registry.npmjs.org/lodash.includes/-/lodash.includes-4.3.0.tgz 4950ms (cache miss)
582 http fetch GET 200 https://registry.npmjs.org/klaw-sync/-/klaw-sync-6.0.0.tgz 4955ms (cache miss)
583 http fetch GET 200 https://registry.npmjs.org/proxy-addr/-/proxy-addr-2.0.7.tgz 5147ms (cache miss)
584 http fetch GET 200 https://registry.npmjs.org/streamsearch/-/streamsearch-1.1.0.tgz 5257ms (cache miss)
585 http fetch GET 200 https://registry.npmjs.org/send/-/send-1.2.0.tgz 5288ms (cache miss)
586 http fetch GET 200 https://registry.npmjs.org/isexe/-/isexe-2.0.0.tgz 5252ms (cache miss)
587 http fetch GET 200 https://registry.npmjs.org/is-wsl/-/is-wsl-2.2.0.tgz 5251ms (cache miss)
588 http fetch GET 200 https://registry.npmjs.org/is-stream/-/is-stream-2.0.1.tgz 5250ms (cache miss)
589 http fetch GET 200 https://registry.npmjs.org/is-promise/-/is-promise-4.0.0.tgz 5258ms (cache miss)
590 http fetch GET 200 https://registry.npmjs.org/ipaddr.js/-/ipaddr.js-1.9.1.tgz 5255ms (cache miss)
591 http fetch GET 200 https://registry.npmjs.org/safe-buffer/-/safe-buffer-5.2.1.tgz 5353ms (cache miss)
592 http fetch GET 200 https://registry.npmjs.org/socket.io-adapter/-/socket.io-adapter-2.5.5.tgz 5456ms (cache miss)
593 http fetch GET 200 https://registry.npmjs.org/path/-/path-0.12.7.tgz 5449ms (cache miss)
594 http fetch GET 200 https://registry.npmjs.org/jsonfile/-/jsonfile-6.2.0.tgz 5429ms (cache miss)
595 http fetch GET 200 https://registry.npmjs.org/is-docker/-/is-docker-2.2.1.tgz 5428ms (cache miss)
596 http fetch GET 200 https://registry.npmjs.org/safer-buffer/-/safer-buffer-2.1.2.tgz 5557ms (cache miss)
597 http fetch GET 200 https://registry.npmjs.org/isarray/-/isarray-2.0.5.tgz 5520ms (cache miss)
598 http fetch GET 200 https://registry.npmjs.org/has-property-descriptors/-/has-property-descriptors-1.0.2.tgz 5519ms (cache miss)
599 http fetch GET 200 https://registry.npmjs.org/http-errors/-/http-errors-2.0.0.tgz 5522ms (cache miss)
600 http fetch GET 200 https://registry.npmjs.org/has-symbols/-/has-symbols-1.1.0.tgz 5524ms (cache miss)
601 http fetch GET 200 https://registry.npmjs.org/is-number/-/is-number-7.0.0.tgz 5541ms (cache miss)
602 http fetch GET 200 https://registry.npmjs.org/inflight/-/inflight-1.0.6.tgz 5541ms (cache miss)
603 warn deprecated inflight@1.0.6: This module is not supported, and leaks memory. Do not use it. Check out lru-cache if you want a good and tested way to coalesce async requests by a key value, which is much more comprehensive and powerful.
604 http fetch GET 200 https://registry.npmjs.org/https-proxy-agent/-/https-proxy-agent-7.0.6.tgz 5544ms (cache miss)
605 http fetch GET 200 https://registry.npmjs.org/open/-/open-7.4.2.tgz 5645ms (cache miss)
606 http fetch GET 200 https://registry.npmjs.org/inherits/-/inherits-2.0.4.tgz 5616ms (cache miss)
607 http fetch GET 200 https://registry.npmjs.org/get-intrinsic/-/get-intrinsic-1.3.0.tgz 5610ms (cache miss)
608 http fetch GET 200 https://registry.npmjs.org/has-tostringtag/-/has-tostringtag-1.0.2.tgz 5623ms (cache miss)
609 http fetch GET 200 https://registry.npmjs.org/forwarded/-/forwarded-0.2.0.tgz 5610ms (cache miss)
610 http fetch GET 200 https://registry.npmjs.org/es-errors/-/es-errors-1.3.0.tgz 5794ms (cache miss)
611 http fetch GET 200 https://registry.npmjs.org/path-to-regexp/-/path-to-regexp-8.2.0.tgz 5915ms (cache miss)
612 http fetch GET 200 https://registry.npmjs.org/fill-range/-/fill-range-7.1.1.tgz 5858ms (cache miss)
613 http fetch GET 200 https://registry.npmjs.org/function-bind/-/function-bind-1.1.2.tgz 5871ms (cache miss)
614 http fetch GET 200 https://registry.npmjs.org/fs.realpath/-/fs.realpath-1.0.0.tgz 5871ms (cache miss)
615 http fetch GET 200 https://registry.npmjs.org/gtoken/-/gtoken-7.1.0.tgz 5876ms (cache miss)
616 http fetch GET 200 https://registry.npmjs.org/es-object-atoms/-/es-object-atoms-1.1.1.tgz 5860ms (cache miss)
617 http fetch GET 200 https://registry.npmjs.org/escape-html/-/escape-html-1.0.3.tgz 5861ms (cache miss)
618 http fetch GET 200 https://registry.npmjs.org/fresh/-/fresh-2.0.0.tgz 5908ms (cache miss)
619 http fetch GET 200 https://registry.npmjs.org/engine.io-parser/-/engine.io-parser-5.2.3.tgz 5892ms (cache miss)
620 http fetch GET 200 https://registry.npmjs.org/ee-first/-/ee-first-1.1.1.tgz 5897ms (cache miss)
621 http fetch GET 200 https://registry.npmjs.org/negotiator/-/negotiator-1.0.0.tgz 6001ms (cache miss)
622 http fetch GET 200 https://registry.npmjs.org/micromatch/-/micromatch-4.0.8.tgz 6004ms (cache miss)
623 http fetch GET 200 https://registry.npmjs.org/kareem/-/kareem-2.6.3.tgz 5998ms (cache miss)
624 http fetch GET 200 https://registry.npmjs.org/find-yarn-workspace-root/-/find-yarn-workspace-root-2.0.0.tgz 5966ms (cache miss)
625 http fetch GET 200 https://registry.npmjs.org/define-data-property/-/define-data-property-1.1.4.tgz 5958ms (cache miss)
626 http fetch GET 200 https://registry.npmjs.org/encodeurl/-/encodeurl-2.0.0.tgz 5967ms (cache miss)
627 http fetch GET 200 https://registry.npmjs.org/content-type/-/content-type-1.0.5.tgz 5961ms (cache miss)
628 http fetch GET 200 https://registry.npmjs.org/side-channel-weakmap/-/side-channel-weakmap-1.0.2.tgz 6099ms (cache miss)
629 http fetch GET 200 https://registry.npmjs.org/set-function-length/-/set-function-length-1.2.2.tgz 6097ms (cache miss)
630 http fetch GET 200 https://registry.npmjs.org/ws/-/ws-8.17.1.tgz 6141ms (cache miss)
631 http fetch GET 200 https://registry.npmjs.org/json-bigint/-/json-bigint-1.0.0.tgz 6058ms (cache miss)
632 http fetch GET 200 https://registry.npmjs.org/etag/-/etag-1.8.1.tgz 6036ms (cache miss)
633 http fetch GET 200 https://registry.npmjs.org/crypto/-/crypto-1.0.1.tgz 6028ms (cache miss)
634 warn deprecated crypto@1.0.1: This package is no longer supported. It's now a built-in Node module. If you've depended on crypto, you should switch to the one that's built-in.
635 http fetch GET 200 https://registry.npmjs.org/delayed-stream/-/delayed-stream-1.0.0.tgz 6042ms (cache miss)
636 http fetch GET 200 https://registry.npmjs.org/concat-map/-/concat-map-0.0.1.tgz 6037ms (cache miss)
637 http fetch GET 200 https://registry.npmjs.org/side-channel-map/-/side-channel-map-1.0.1.tgz 6167ms (cache miss)
638 http fetch GET 200 https://registry.npmjs.org/finalhandler/-/finalhandler-2.1.0.tgz 6108ms (cache miss)
639 http fetch GET 200 https://registry.npmjs.org/es-define-property/-/es-define-property-1.0.1.tgz 6125ms (cache miss)
640 http fetch GET 200 https://registry.npmjs.org/content-disposition/-/content-disposition-1.0.0.tgz 6112ms (cache miss)
641 http fetch GET 200 https://registry.npmjs.org/deepmerge/-/deepmerge-4.3.1.tgz 6119ms (cache miss)
642 http fetch GET 200 https://registry.npmjs.org/cookie-signature/-/cookie-signature-1.2.2.tgz 6124ms (cache miss)
643 http fetch GET 200 https://registry.npmjs.org/side-channel/-/side-channel-1.1.0.tgz 6269ms (cache miss)
644 http fetch GET 200 https://registry.npmjs.org/call-bind-apply-helpers/-/call-bind-apply-helpers-1.0.2.tgz 6259ms (cache miss)
645 http fetch GET 200 https://registry.npmjs.org/buffer-from/-/buffer-from-1.1.2.tgz 6271ms (cache miss)
646 http fetch GET 200 https://registry.npmjs.org/graceful-fs/-/graceful-fs-4.2.11.tgz 6364ms (cache miss)
647 http fetch GET 200 https://registry.npmjs.org/bytes/-/bytes-3.1.2.tgz 6333ms (cache miss)
648 http fetch GET 200 https://registry.npmjs.org/body-parser/-/body-parser-2.2.0.tgz 6332ms (cache miss)
649 http fetch GET 200 https://registry.npmjs.org/concat-stream/-/concat-stream-2.0.0.tgz 6348ms (cache miss)
650 http fetch GET 200 https://registry.npmjs.org/glob/-/glob-7.2.3.tgz 6430ms (cache miss)
651 http fetch GET 200 https://registry.npmjs.org/call-bound/-/call-bound-1.0.4.tgz 6398ms (cache miss)
652 http fetch GET 200 https://registry.npmjs.org/color-name/-/color-name-1.1.4.tgz 6401ms (cache miss)
653 http fetch GET 200 https://registry.npmjs.org/cookie/-/cookie-0.7.2.tgz 6441ms (cache miss)
654 http fetch GET 200 https://registry.npmjs.org/buffer-equal-constant-time/-/buffer-equal-constant-time-1.0.1.tgz 6430ms (cache miss)
655 http fetch GET 200 https://registry.npmjs.org/cookie-parser/-/cookie-parser-1.4.7.tgz 6441ms (cache miss)
656 http fetch GET 200 https://registry.npmjs.org/side-channel-list/-/side-channel-list-1.0.0.tgz 6568ms (cache miss)
657 warn deprecated glob@7.2.3: Glob versions prior to v9 are no longer supported
658 http fetch GET 200 https://registry.npmjs.org/balanced-match/-/balanced-match-1.0.2.tgz 6472ms (cache miss)
659 http fetch GET 200 https://registry.npmjs.org/base64id/-/base64id-2.0.0.tgz 6470ms (cache miss)
660 http fetch GET 200 https://registry.npmjs.org/asynckit/-/asynckit-0.4.0.tgz 6495ms (cache miss)
661 http fetch GET 200 https://registry.npmjs.org/ansi-styles/-/ansi-styles-4.3.0.tgz 6497ms (cache miss)
662 http fetch GET 200 https://registry.npmjs.org/combined-stream/-/combined-stream-1.0.8.tgz 6549ms (cache miss)
663 http fetch GET 200 https://registry.npmjs.org/chalk/-/chalk-4.1.2.tgz 6546ms (cache miss)
664 http fetch GET 200 https://registry.npmjs.org/append-field/-/append-field-1.0.0.tgz 6535ms (cache miss)
665 http fetch GET 200 https://registry.npmjs.org/depd/-/depd-2.0.0.tgz 6607ms (cache miss)
666 http fetch GET 200 https://registry.npmjs.org/brace-expansion/-/brace-expansion-1.1.12.tgz 6588ms (cache miss)
667 http fetch GET 200 https://registry.npmjs.org/@socket.io/component-emitter/-/component-emitter-3.1.2.tgz 6578ms (cache miss)
668 http fetch GET 200 https://registry.npmjs.org/@sideway/formula/-/formula-3.0.1.tgz 6575ms (cache miss)
669 http fetch GET 200 https://registry.npmjs.org/node-fetch/-/node-fetch-2.7.0.tgz 6696ms (cache miss)
670 http fetch GET 200 https://registry.npmjs.org/ecdsa-sig-formatter/-/ecdsa-sig-formatter-1.0.11.tgz 6647ms (cache miss)
671 http fetch GET 200 https://registry.npmjs.org/follow-redirects/-/follow-redirects-1.15.9.tgz 6660ms (cache miss)
672 http fetch GET 200 https://registry.npmjs.org/jsonify/-/jsonify-0.0.1.tgz 6690ms (cache miss)
673 http fetch GET 200 https://registry.npmjs.org/cors/-/cors-2.8.5.tgz 6646ms (cache miss)
674 http fetch GET 200 https://registry.npmjs.org/jws/-/jws-3.2.2.tgz 6730ms (cache miss)
675 http fetch GET 200 https://registry.npmjs.org/@react-oauth/google/-/google-0.12.2.tgz 6671ms (cache miss)
676 http fetch GET 200 https://registry.npmjs.org/agent-base/-/agent-base-7.1.3.tgz 6683ms (cache miss)
677 http fetch GET 200 https://registry.npmjs.org/mime-db/-/mime-db-1.54.0.tgz 6781ms (cache miss)
678 http fetch GET 200 https://registry.npmjs.org/base64-js/-/base64-js-1.5.1.tgz 6715ms (cache miss)
679 http fetch GET 200 https://registry.npmjs.org/@types/cors/-/cors-2.8.19.tgz 6713ms (cache miss)
680 http fetch GET 200 https://registry.npmjs.org/at-least-node/-/at-least-node-1.0.0.tgz 6733ms (cache miss)
681 http fetch GET 200 https://registry.npmjs.org/accepts/-/accepts-2.0.0.tgz 6754ms (cache miss)
682 http fetch GET 200 https://registry.npmjs.org/debug/-/debug-4.4.1.tgz 6794ms (cache miss)
683 http fetch GET 200 https://registry.npmjs.org/@hapi/hoek/-/hoek-9.3.0.tgz 6765ms (cache miss)
684 http fetch GET 200 https://registry.npmjs.org/@types/whatwg-url/-/whatwg-url-11.0.5.tgz 6792ms (cache miss)
685 http fetch GET 200 https://registry.npmjs.org/hasown/-/hasown-2.0.2.tgz 6858ms (cache miss)
686 http fetch GET 200 https://registry.npmjs.org/ci-info/-/ci-info-3.9.0.tgz 6820ms (cache miss)
687 http fetch GET 200 https://registry.npmjs.org/color-convert/-/color-convert-2.0.1.tgz 6822ms (cache miss)
688 http fetch GET 200 https://registry.npmjs.org/@sideway/pinpoint/-/pinpoint-2.0.0.tgz 6801ms (cache miss)
689 http fetch GET 200 https://registry.npmjs.org/mpath/-/mpath-0.9.0.tgz 6916ms (cache miss)
690 http fetch GET 200 https://registry.npmjs.org/accepts/-/accepts-1.3.8.tgz 6832ms (cache miss)
691 http fetch GET 200 https://registry.npmjs.org/inherits/-/inherits-2.0.3.tgz 6839ms (cache miss)
692 http fetch GET 200 https://registry.npmjs.org/debug/-/debug-4.3.7.tgz 6884ms (cache miss)
693 http fetch GET 200 https://registry.npmjs.org/@hapi/topo/-/topo-5.1.0.tgz 6901ms (cache miss)
694 http fetch GET 200 https://registry.npmjs.org/extend/-/extend-3.0.2.tgz 6975ms (cache miss)
695 http fetch GET 200 https://registry.npmjs.org/q/-/q-1.5.1.tgz 7132ms (cache miss)
696 warn deprecated q@1.5.1: You or someone you depend on is using Q, the JavaScript Promise library that gave JavaScript developers strong feelings about promises. They can almost certainly migrate to the native JavaScript promise now. Thank you literally everyone for joining me in this bet against the odds. Be excellent to each other.
696 warn deprecated
696 warn deprecated (For a CapTP with native promises, see @endo/eventual-send and @endo/captp)
697 http fetch GET 200 https://registry.npmjs.org/cross-spawn/-/cross-spawn-7.0.6.tgz 7061ms (cache miss)
698 http fetch GET 200 https://registry.npmjs.org/mime-types/-/mime-types-2.1.35.tgz 7035ms (cache miss)
699 http fetch GET 200 https://registry.npmjs.org/@types/webidl-conversions/-/webidl-conversions-7.0.3.tgz 7066ms (cache miss)
700 http fetch GET 200 https://registry.npmjs.org/negotiator/-/negotiator-0.6.3.tgz 7085ms (cache miss)
701 http fetch GET 200 https://registry.npmjs.org/whatwg-url/-/whatwg-url-14.2.0.tgz 7252ms (cache miss)
702 http fetch GET 200 https://registry.npmjs.org/form-data/-/form-data-4.0.4.tgz 7151ms (cache miss)
703 http fetch GET 200 https://registry.npmjs.org/gopd/-/gopd-1.2.0.tgz 7184ms (cache miss)
704 http fetch GET 200 https://registry.npmjs.org/es-set-tostringtag/-/es-set-tostringtag-2.1.0.tgz 7168ms (cache miss)
705 http fetch GET 200 https://registry.npmjs.org/whatwg-url/-/whatwg-url-5.0.0.tgz 7146ms (cache miss)
706 http fetch GET 200 https://registry.npmjs.org/picomatch/-/picomatch-2.3.1.tgz 7273ms (cache miss)
707 http fetch GET 200 https://registry.npmjs.org/multer/-/multer-2.0.2.tgz 7261ms (cache miss)
708 http fetch GET 200 https://registry.npmjs.org/mime-types/-/mime-types-2.1.35.tgz 7236ms (cache miss)
709 http fetch GET 200 https://registry.npmjs.org/mime-types/-/mime-types-2.1.35.tgz 7233ms (cache miss)
710 http fetch GET 200 https://registry.npmjs.org/debug/-/debug-4.3.7.tgz 7245ms (cache miss)
711 http fetch GET 200 https://registry.npmjs.org/@yarnpkg/lockfile/-/lockfile-1.1.0.tgz 7262ms (cache miss)
712 http fetch GET 200 https://registry.npmjs.org/media-typer/-/media-typer-0.3.0.tgz 7252ms (cache miss)
713 http fetch GET 200 https://registry.npmjs.org/type-is/-/type-is-1.6.18.tgz 7276ms (cache miss)
714 http fetch GET 200 https://registry.npmjs.org/jws/-/jws-4.0.0.tgz 7270ms (cache miss)
715 http fetch GET 200 https://registry.npmjs.org/braces/-/braces-3.0.3.tgz 7315ms (cache miss)
716 http fetch GET 200 https://registry.npmjs.org/jwa/-/jwa-2.0.1.tgz 7290ms (cache miss)
717 http fetch GET 200 https://registry.npmjs.org/jsonwebtoken/-/jsonwebtoken-9.0.2.tgz 7409ms (cache miss)
718 http fetch GET 200 https://registry.npmjs.org/webidl-conversions/-/webidl-conversions-3.0.1.tgz 7328ms (cache miss)
719 http fetch GET 200 https://registry.npmjs.org/has-flag/-/has-flag-4.0.0.tgz 7271ms (cache miss)
720 http fetch GET 200 https://registry.npmjs.org/jws/-/jws-4.0.0.tgz 7335ms (cache miss)
721 http fetch GET 200 https://registry.npmjs.org/mime-types/-/mime-types-2.1.35.tgz 7330ms (cache miss)
722 http fetch GET 200 https://registry.npmjs.org/dotenv/-/dotenv-16.6.1.tgz 7402ms (cache miss)
723 http fetch GET 200 https://registry.npmjs.org/jwa/-/jwa-2.0.1.tgz 7352ms (cache miss)
724 http fetch GET 200 https://registry.npmjs.org/debug/-/debug-4.3.7.tgz 7346ms (cache miss)
725 http fetch GET 200 https://registry.npmjs.org/accepts/-/accepts-1.3.8.tgz 7345ms (cache miss)
726 http fetch GET 200 https://registry.npmjs.org/cookie-signature/-/cookie-signature-1.0.6.tgz 7373ms (cache miss)
727 http fetch GET 200 https://registry.npmjs.org/debug/-/debug-4.3.7.tgz 7391ms (cache miss)
728 http fetch GET 200 https://registry.npmjs.org/get-proto/-/get-proto-1.0.1.tgz 7459ms (cache miss)
729 http fetch GET 200 https://registry.npmjs.org/express/-/express-5.1.0.tgz 7446ms (cache miss)
730 http fetch GET 200 https://registry.npmjs.org/supports-color/-/supports-color-7.2.0.tgz 7346ms (cache miss)
731 http fetch GET 200 https://registry.npmjs.org/google-logging-utils/-/google-logging-utils-0.0.2.tgz 7470ms (cache miss)
732 http fetch GET 200 https://registry.npmjs.org/mime-db/-/mime-db-1.52.0.tgz 7416ms (cache miss)
733 http fetch GET 200 https://registry.npmjs.org/debug/-/debug-3.2.7.tgz 7429ms (cache miss)
734 http fetch GET 200 https://registry.npmjs.org/call-bind/-/call-bind-1.0.8.tgz 7475ms (cache miss)
735 http fetch GET 200 https://registry.npmjs.org/dunder-proto/-/dunder-proto-1.0.1.tgz 7526ms (cache miss)
736 http fetch GET 200 https://registry.npmjs.org/bcryptjs/-/bcryptjs-3.0.2.tgz 7508ms (cache miss)
737 http fetch GET 200 https://registry.npmjs.org/@sideway/address/-/address-4.1.5.tgz 7523ms (cache miss)
738 http fetch GET 200 https://registry.npmjs.org/mime-db/-/mime-db-1.52.0.tgz 7523ms (cache miss)
739 http fetch GET 200 https://registry.npmjs.org/bignumber.js/-/bignumber.js-9.3.0.tgz 7569ms (cache miss)
740 http fetch GET 200 https://registry.npmjs.org/mime-db/-/mime-db-1.52.0.tgz 7541ms (cache miss)
741 http fetch GET 200 https://registry.npmjs.org/mquery/-/mquery-5.0.0.tgz 7680ms (cache miss)
742 http fetch GET 200 https://registry.npmjs.org/json-stable-stringify/-/json-stable-stringify-1.3.0.tgz 7662ms (cache miss)
743 http fetch GET 200 https://registry.npmjs.org/@sendgrid/mail/-/mail-8.1.5.tgz 7603ms (cache miss)
744 http fetch GET 200 https://registry.npmjs.org/negotiator/-/negotiator-0.6.3.tgz 7585ms (cache miss)
745 http fetch GET 200 https://registry.npmjs.org/mime-db/-/mime-db-1.52.0.tgz 7588ms (cache miss)
746 http fetch GET 200 https://registry.npmjs.org/tr46/-/tr46-0.0.3.tgz 7598ms (cache miss)
747 http fetch GET 200 https://registry.npmjs.org/socket.io-parser/-/socket.io-parser-4.2.4.tgz 7756ms (cache miss)
748 http fetch GET 200 https://registry.npmjs.org/qs/-/qs-6.14.0.tgz 7742ms (cache miss)
749 http fetch GET 200 https://registry.npmjs.org/minimist/-/minimist-1.2.8.tgz 7759ms (cache miss)
750 http fetch GET 200 https://registry.npmjs.org/readable-stream/-/readable-stream-3.6.2.tgz 7783ms (cache miss)
751 http fetch GET 200 https://registry.npmjs.org/gcp-metadata/-/gcp-metadata-6.1.1.tgz 7657ms (cache miss)
752 http fetch GET 200 https://registry.npmjs.org/gaxios/-/gaxios-6.7.1.tgz 7806ms (cache miss)
753 http fetch GET 200 https://registry.npmjs.org/@sendgrid/client/-/client-8.1.5.tgz 7746ms (cache miss)
754 http fetch GET 200 https://registry.npmjs.org/sift/-/sift-17.1.3.tgz 7953ms (cache miss)
755 http fetch GET 200 https://registry.npmjs.org/busboy/-/busboy-1.6.0.tgz 7948ms (cache miss)
756 http fetch GET 200 https://registry.npmjs.org/object-inspect/-/object-inspect-1.13.4.tgz 8100ms (cache miss)
757 http fetch GET 200 https://registry.npmjs.org/math-intrinsics/-/math-intrinsics-1.1.0.tgz 8134ms (cache miss)
758 http fetch GET 200 https://registry.npmjs.org/undici-types/-/undici-types-7.8.0.tgz 8242ms (cache miss)
759 http fetch GET 200 https://registry.npmjs.org/patch-package/-/patch-package-8.0.0.tgz 8253ms (cache miss)
760 http fetch GET 200 https://registry.npmjs.org/iconv-lite/-/iconv-lite-0.6.3.tgz 8225ms (cache miss)
761 http fetch GET 200 https://registry.npmjs.org/engine.io/-/engine.io-6.6.4.tgz 8211ms (cache miss)
762 http fetch GET 200 https://registry.npmjs.org/fs-extra/-/fs-extra-9.1.0.tgz 8246ms (cache miss)
763 http fetch GET 200 https://registry.npmjs.org/joi/-/joi-17.13.3.tgz 8281ms (cache miss)
764 http fetch GET 200 https://registry.npmjs.org/socket.io/-/socket.io-4.8.1.tgz 8352ms (cache miss)
765 http fetch GET 200 https://registry.npmjs.org/semver/-/semver-7.7.2.tgz 8453ms (cache miss)
766 http fetch GET 200 https://registry.npmjs.org/@mongodb-js/saslprep/-/saslprep-1.2.2.tgz 8343ms (cache miss)
767 http fetch GET 200 https://registry.npmjs.org/cloudinary/-/cloudinary-2.6.1.tgz 8429ms (cache miss)
768 http fetch GET 200 https://registry.npmjs.org/nodemailer/-/nodemailer-7.0.3.tgz 8551ms (cache miss)
769 http fetch GET 200 https://registry.npmjs.org/uuid/-/uuid-9.0.1.tgz 8665ms (cache miss)
770 http fetch GET 200 https://registry.npmjs.org/@sendgrid/helpers/-/helpers-8.0.0.tgz 8647ms (cache miss)
771 http fetch GET 200 https://registry.npmjs.org/google-auth-library/-/google-auth-library-9.15.1.tgz 8733ms (cache miss)
772 http fetch GET 200 https://registry.npmjs.org/bson/-/bson-6.10.3.tgz 8770ms (cache miss)
773 http fetch GET 200 https://registry.npmjs.org/@types/node/-/node-24.0.0.tgz 8893ms (cache miss)
774 http fetch GET 200 https://registry.npmjs.org/axios/-/axios-1.9.0.tgz 9075ms (cache miss)
775 http fetch GET 200 https://registry.npmjs.org/yaml/-/yaml-2.8.1.tgz 9974ms (cache miss)
776 http fetch GET 200 https://registry.npmjs.org/mongoose/-/mongoose-8.15.0.tgz 10679ms (cache miss)
777 http fetch GET 200 https://registry.npmjs.org/mongodb/-/mongodb-6.16.0.tgz 11487ms (cache miss)
778 http fetch GET 200 https://registry.npmjs.org/lodash/-/lodash-4.17.21.tgz 13585ms (cache miss)
779 http fetch GET 200 https://registry.npmjs.org/pdf-parse/-/pdf-parse-1.1.1.tgz 15317ms (cache miss)
780 info run postinstall-postinstall@2.1.0 postinstall node_modules/postinstall-postinstall node ./run.js
781 info run postinstall-postinstall@2.1.0 postinstall { code: 0, signal: null }
782 silly ADD node_modules/yaml
783 silly ADD node_modules/xtend
784 silly ADD node_modules/ws
785 silly ADD node_modules/wrappy
786 silly ADD node_modules/which
787 silly ADD node_modules/whatwg-url
788 silly ADD node_modules/webidl-conversions
789 silly ADD node_modules/vary
790 silly ADD node_modules/uuid
791 silly ADD node_modules/util-deprecate
792 silly ADD node_modules/util
793 silly ADD node_modules/util/node_modules/inherits
794 silly ADD node_modules/unpipe
795 silly ADD node_modules/universalify
796 silly ADD node_modules/undici-types
797 silly ADD node_modules/typedarray
798 silly ADD node_modules/type-is
799 silly ADD node_modules/tr46
800 silly ADD node_modules/toidentifier
801 silly ADD node_modules/to-regex-range
802 silly ADD node_modules/tmp
803 silly ADD node_modules/string_decoder
804 silly ADD node_modules/streamsearch
805 silly ADD node_modules/streamifier
806 silly ADD node_modules/statuses
807 silly ADD node_modules/sparse-bitfield
808 silly ADD node_modules/socket.io-parser
809 silly ADD node_modules/socket.io-parser/node_modules/debug
810 silly ADD node_modules/socket.io-adapter
811 silly ADD node_modules/socket.io-adapter/node_modules/debug
812 silly ADD node_modules/socket.io
813 silly ADD node_modules/socket.io/node_modules/negotiator
814 silly ADD node_modules/socket.io/node_modules/mime-types
815 silly ADD node_modules/socket.io/node_modules/mime-db
816 silly ADD node_modules/socket.io/node_modules/debug
817 silly ADD node_modules/socket.io/node_modules/accepts
818 silly ADD node_modules/slash
819 silly ADD node_modules/sift
820 silly ADD node_modules/side-channel-weakmap
821 silly ADD node_modules/side-channel-map
822 silly ADD node_modules/side-channel-list
823 silly ADD node_modules/side-channel
824 silly ADD node_modules/shebang-regex
825 silly ADD node_modules/shebang-command
826 silly ADD node_modules/setprototypeof
827 silly ADD node_modules/set-function-length
828 silly ADD node_modules/serve-static
829 silly ADD node_modules/send
830 silly ADD node_modules/semver
831 silly ADD node_modules/safer-buffer
832 silly ADD node_modules/safe-buffer
833 silly ADD node_modules/router
834 silly ADD node_modules/rimraf
835 silly ADD node_modules/readable-stream
836 silly ADD node_modules/raw-body
837 silly ADD node_modules/range-parser
838 silly ADD node_modules/qs
839 silly ADD node_modules/q
840 silly ADD node_modules/punycode
841 silly ADD node_modules/proxy-from-env
842 silly ADD node_modules/proxy-addr
843 silly ADD node_modules/process
844 silly ADD node_modules/postinstall-postinstall
845 silly ADD node_modules/picomatch
846 silly ADD node_modules/pdf-parse
847 silly ADD node_modules/pdf-parse/node_modules/debug
848 silly ADD node_modules/path-to-regexp
849 silly ADD node_modules/path-key
850 silly ADD node_modules/path-is-absolute
851 silly ADD node_modules/path
852 silly ADD node_modules/patch-package
853 silly ADD node_modules/parseurl
854 silly ADD node_modules/os-tmpdir
855 silly ADD node_modules/open
856 silly ADD node_modules/once
857 silly ADD node_modules/on-finished
858 silly ADD node_modules/object-keys
859 silly ADD node_modules/object-inspect
860 silly ADD node_modules/object-assign
861 silly ADD node_modules/nodemailer
862 silly ADD node_modules/node-fetch
863 silly ADD node_modules/node-fetch/node_modules/whatwg-url
864 silly ADD node_modules/node-fetch/node_modules/webidl-conversions
865 silly ADD node_modules/node-fetch/node_modules/tr46
866 silly ADD node_modules/node-ensure
867 silly ADD node_modules/negotiator
868 silly ADD node_modules/multer
869 silly ADD node_modules/multer/node_modules/type-is
870 silly ADD node_modules/multer/node_modules/mime-types
871 silly ADD node_modules/multer/node_modules/mime-db
872 silly ADD node_modules/multer/node_modules/media-typer
873 silly ADD node_modules/ms
874 silly ADD node_modules/mquery
875 silly ADD node_modules/mpath
876 silly ADD node_modules/mongoose
877 silly ADD node_modules/mongodb-connection-string-url
878 silly ADD node_modules/mongodb
879 silly ADD node_modules/mkdirp
880 silly ADD node_modules/minimist
881 silly ADD node_modules/minimatch
882 silly ADD node_modules/mime-types
883 silly ADD node_modules/mime-db
884 silly ADD node_modules/micromatch
885 silly ADD node_modules/merge-descriptors
886 silly ADD node_modules/memory-pager
887 silly ADD node_modules/media-typer
888 silly ADD node_modules/math-intrinsics
889 silly ADD node_modules/lodash.once
890 silly ADD node_modules/lodash.isstring
891 silly ADD node_modules/lodash.isplainobject
892 silly ADD node_modules/lodash.isnumber
893 silly ADD node_modules/lodash.isinteger
894 silly ADD node_modules/lodash.isboolean
895 silly ADD node_modules/lodash.includes
896 silly ADD node_modules/lodash
897 silly ADD node_modules/klaw-sync
898 silly ADD node_modules/kareem
899 silly ADD node_modules/jws
900 silly ADD node_modules/jwa
901 silly ADD node_modules/jsonwebtoken
902 silly ADD node_modules/jsonify
903 silly ADD node_modules/jsonfile
904 silly ADD node_modules/json-stable-stringify
905 silly ADD node_modules/json-bigint
906 silly ADD node_modules/joi
907 silly ADD node_modules/isexe
908 silly ADD node_modules/isarray
909 silly ADD node_modules/is-wsl
910 silly ADD node_modules/is-stream
911 silly ADD node_modules/is-promise
912 silly ADD node_modules/is-number
913 silly ADD node_modules/is-docker
914 silly ADD node_modules/ipaddr.js
915 silly ADD node_modules/inherits
916 silly ADD node_modules/inflight
917 silly ADD node_modules/iconv-lite
918 silly ADD node_modules/https-proxy-agent
919 silly ADD node_modules/http-errors
920 silly ADD node_modules/hasown
921 silly ADD node_modules/has-tostringtag
922 silly ADD node_modules/has-symbols
923 silly ADD node_modules/has-property-descriptors
924 silly ADD node_modules/gtoken
925 silly ADD node_modules/gtoken/node_modules/jws
926 silly ADD node_modules/gtoken/node_modules/jwa
927 silly ADD node_modules/graceful-fs
928 silly ADD node_modules/gopd
929 silly ADD node_modules/google-logging-utils
930 silly ADD node_modules/google-auth-library
931 silly ADD node_modules/google-auth-library/node_modules/jws
932 silly ADD node_modules/google-auth-library/node_modules/jwa
933 silly ADD node_modules/google-auth-library/node_modules/gcp-metadata
934 silly ADD node_modules/glob
935 silly ADD node_modules/get-proto
936 silly ADD node_modules/get-intrinsic
937 silly ADD node_modules/gaxios
938 silly ADD node_modules/function-bind
939 silly ADD node_modules/fs.realpath
940 silly ADD node_modules/fs-extra
941 silly ADD node_modules/fresh
942 silly ADD node_modules/forwarded
943 silly ADD node_modules/form-data
944 silly ADD node_modules/form-data/node_modules/mime-types
945 silly ADD node_modules/form-data/node_modules/mime-db
946 silly ADD node_modules/follow-redirects
947 silly ADD node_modules/find-yarn-workspace-root
948 silly ADD node_modules/finalhandler
949 silly ADD node_modules/fill-range
950 silly ADD node_modules/extend
951 silly ADD node_modules/express
952 silly ADD node_modules/etag
953 silly ADD node_modules/escape-html
954 silly ADD node_modules/es-set-tostringtag
955 silly ADD node_modules/es-object-atoms
956 silly ADD node_modules/es-errors
957 silly ADD node_modules/es-define-property
958 silly ADD node_modules/engine.io-parser
959 silly ADD node_modules/engine.io
960 silly ADD node_modules/engine.io/node_modules/negotiator
961 silly ADD node_modules/engine.io/node_modules/mime-types
962 silly ADD node_modules/engine.io/node_modules/mime-db
963 silly ADD node_modules/engine.io/node_modules/debug
964 silly ADD node_modules/engine.io/node_modules/accepts
965 silly ADD node_modules/encodeurl
966 silly ADD node_modules/ee-first
967 silly ADD node_modules/ecdsa-sig-formatter
968 silly ADD node_modules/dunder-proto
969 silly ADD node_modules/dotenv
970 silly ADD node_modules/depd
971 silly ADD node_modules/delayed-stream
972 silly ADD node_modules/define-data-property
973 silly ADD node_modules/deepmerge
974 silly ADD node_modules/debug
975 silly ADD node_modules/crypto
976 silly ADD node_modules/cross-spawn
977 silly ADD node_modules/cors
978 silly ADD node_modules/cookie-signature
979 silly ADD node_modules/cookie-parser
980 silly ADD node_modules/cookie-parser/node_modules/cookie-signature
981 silly ADD node_modules/cookie
982 silly ADD node_modules/content-type
983 silly ADD node_modules/content-disposition
984 silly ADD node_modules/concat-stream
985 silly ADD node_modules/concat-map
986 silly ADD node_modules/combined-stream
987 silly ADD node_modules/color-name
988 silly ADD node_modules/color-convert
989 silly ADD node_modules/cloudinary
990 silly ADD node_modules/ci-info
991 silly ADD node_modules/chalk
992 silly ADD node_modules/chalk/node_modules/supports-color
993 silly ADD node_modules/chalk/node_modules/has-flag
994 silly ADD node_modules/call-bound
995 silly ADD node_modules/call-bind-apply-helpers
996 silly ADD node_modules/call-bind
997 silly ADD node_modules/bytes
998 silly ADD node_modules/busboy
999 silly ADD node_modules/buffer-from
1000 silly ADD node_modules/buffer-equal-constant-time
1001 silly ADD node_modules/bson
1002 silly ADD node_modules/braces
1003 silly ADD node_modules/brace-expansion
1004 silly ADD node_modules/body-parser
1005 silly ADD node_modules/bignumber.js
1006 silly ADD node_modules/bcryptjs
1007 silly ADD node_modules/base64id
1008 silly ADD node_modules/base64-js
1009 silly ADD node_modules/balanced-match
1010 silly ADD node_modules/axios
1011 silly ADD node_modules/at-least-node
1012 silly ADD node_modules/asynckit
1013 silly ADD node_modules/append-field
1014 silly ADD node_modules/ansi-styles
1015 silly ADD node_modules/agent-base
1016 silly ADD node_modules/accepts
1017 silly ADD node_modules/@yarnpkg/lockfile
1018 silly ADD node_modules/@types/whatwg-url
1019 silly ADD node_modules/@types/webidl-conversions
1020 silly ADD node_modules/@types/node
1021 silly ADD node_modules/@types/cors
1022 silly ADD node_modules/@socket.io/component-emitter
1023 silly ADD node_modules/@sideway/pinpoint
1024 silly ADD node_modules/@sideway/formula
1025 silly ADD node_modules/@sideway/address
1026 silly ADD node_modules/@sendgrid/mail
1027 silly ADD node_modules/@sendgrid/helpers
1028 silly ADD node_modules/@sendgrid/client
1029 silly ADD node_modules/@react-oauth/google
1030 silly ADD node_modules/@mongodb-js/saslprep
1031 silly ADD node_modules/@hapi/topo
1032 silly ADD node_modules/@hapi/hoek
1033 verbose cwd C:\Users\sohar\OneDrive\Desktop\talenconnect\intern\talentconnect-rawRecruit\backend
1034 verbose os Windows_NT 10.0.26100
1035 verbose node v22.17.0
1036 verbose npm  v11.5.1
1037 notice
1037 notice New [33mminor[39m version of npm available! [33m11.5.1[39m -> [34m11.6.1[39m
1037 notice Changelog: [34mhttps://github.com/npm/cli/releases/tag/v11.6.1[39m
1037 notice To update run: [4mnpm install -g npm@11.6.1[24m
1037 notice  { force: true, [Symbol(proc-log.meta)]: true }
1038 verbose exit 0
1039 info ok
